<annotation>
	<folder />
	<filename>ppe_0453_jpg.rf.7a1ae2346a0fee75e9edd3da1a48d187.jpg</filename>
	<path>ppe_0453_jpg.rf.7a1ae2346a0fee75e9edd3da1a48d187.jpg</path>
	<source>
		<database>roboflow.ai</database>
	</source>
	<size>
		<width>224</width>
		<height>224</height>
		<depth>3</depth>
	</size>
	<segmented>0</segmented>
	<object>
		<name>helmet</name>
		<pose>Unspecified</pose>
		<truncated>0</truncated>
		<difficult>0</difficult>
		<occluded>0</occluded>
		<bndbox>
			<xmin>68</xmin>
			<xmax>135</xmax>
			<ymin>49</ymin>
			<ymax>82</ymax>
		</bndbox>
	</object>
	<object>
		<name>person</name>
		<pose>Unspecified</pose>
		<truncated>0</truncated>
		<difficult>0</difficult>
		<occluded>0</occluded>
		<bndbox>
			<xmin>34</xmin>
			<xmax>178</xmax>
			<ymin>50</ymin>
			<ymax>218</ymax>
		</bndbox>
	</object>
	<object>
		<name>no-vest</name>
		<pose>Unspecified</pose>
		<truncated>0</truncated>
		<difficult>0</difficult>
		<occluded>0</occluded>
		<bndbox>
			<xmin>38</xmin>
			<xmax>160</xmax>
			<ymin>104</ymin>
			<ymax>218</ymax>
		</bndbox>
	</object>
</annotation>