<annotation>
	<folder />
	<filename>ppe_0458_jpg.rf.6521a6c375520f7f3688eb938f60bf08.jpg</filename>
	<path>ppe_0458_jpg.rf.6521a6c375520f7f3688eb938f60bf08.jpg</path>
	<source>
		<database>roboflow.ai</database>
	</source>
	<size>
		<width>224</width>
		<height>224</height>
		<depth>3</depth>
	</size>
	<segmented>0</segmented>
	<object>
		<name>helmet</name>
		<pose>Unspecified</pose>
		<truncated>0</truncated>
		<difficult>0</difficult>
		<occluded>0</occluded>
		<bndbox>
			<xmin>150</xmin>
			<xmax>174</xmax>
			<ymin>65</ymin>
			<ymax>83</ymax>
		</bndbox>
	</object>
	<object>
		<name>no-vest</name>
		<pose>Unspecified</pose>
		<truncated>0</truncated>
		<difficult>0</difficult>
		<occluded>0</occluded>
		<bndbox>
			<xmin>166</xmin>
			<xmax>198</xmax>
			<ymin>80</ymin>
			<ymax>115</ymax>
		</bndbox>
	</object>
	<object>
		<name>person</name>
		<pose>Unspecified</pose>
		<truncated>0</truncated>
		<difficult>0</difficult>
		<occluded>0</occluded>
		<bndbox>
			<xmin>148</xmin>
			<xmax>203</xmax>
			<ymin>66</ymin>
			<ymax>158</ymax>
		</bndbox>
	</object>
</annotation>