<annotation>
	<folder />
	<filename>ppe_0152_jpg.rf.a7b00167c57afeef152d6718ddc3c9d2.jpg</filename>
	<path>ppe_0152_jpg.rf.a7b00167c57afeef152d6718ddc3c9d2.jpg</path>
	<source>
		<database>roboflow.ai</database>
	</source>
	<size>
		<width>224</width>
		<height>224</height>
		<depth>3</depth>
	</size>
	<segmented>0</segmented>
	<object>
		<name>helmet</name>
		<pose>Unspecified</pose>
		<truncated>0</truncated>
		<difficult>0</difficult>
		<occluded>0</occluded>
		<bndbox>
			<xmin>120</xmin>
			<xmax>144</xmax>
			<ymin>27</ymin>
			<ymax>52</ymax>
		</bndbox>
	</object>
	<object>
		<name>no-vest</name>
		<pose>Unspecified</pose>
		<truncated>0</truncated>
		<difficult>0</difficult>
		<occluded>0</occluded>
		<bndbox>
			<xmin>95</xmin>
			<xmax>137</xmax>
			<ymin>54</ymin>
			<ymax>118</ymax>
		</bndbox>
	</object>
	<object>
		<name>person</name>
		<pose>Unspecified</pose>
		<truncated>0</truncated>
		<difficult>0</difficult>
		<occluded>0</occluded>
		<bndbox>
			<xmin>88</xmin>
			<xmax>145</xmax>
			<ymin>23</ymin>
			<ymax>186</ymax>
		</bndbox>
	</object>
</annotation>