<annotation>
	<folder />
	<filename>ppe_0046_jpg.rf.0388d8102c520a591e1124323eadaf6b.jpg</filename>
	<path>ppe_0046_jpg.rf.0388d8102c520a591e1124323eadaf6b.jpg</path>
	<source>
		<database>roboflow.ai</database>
	</source>
	<size>
		<width>224</width>
		<height>224</height>
		<depth>3</depth>
	</size>
	<segmented>0</segmented>
	<object>
		<name>helmet</name>
		<pose>Unspecified</pose>
		<truncated>0</truncated>
		<difficult>0</difficult>
		<occluded>0</occluded>
		<bndbox>
			<xmin>112</xmin>
			<xmax>165</xmax>
			<ymin>4</ymin>
			<ymax>66</ymax>
		</bndbox>
	</object>
	<object>
		<name>person</name>
		<pose>Unspecified</pose>
		<truncated>0</truncated>
		<difficult>0</difficult>
		<occluded>0</occluded>
		<bndbox>
			<xmin>91</xmin>
			<xmax>188</xmax>
			<ymin>7</ymin>
			<ymax>222</ymax>
		</bndbox>
	</object>
	<object>
		<name>no-vest</name>
		<pose>Unspecified</pose>
		<truncated>0</truncated>
		<difficult>0</difficult>
		<occluded>0</occluded>
		<bndbox>
			<xmin>117</xmin>
			<xmax>193</xmax>
			<ymin>79</ymin>
			<ymax>224</ymax>
		</bndbox>
	</object>
</annotation>