<annotation>
	<folder />
	<filename>ppe_0350_jpg.rf.66edb7b18e246eaa84f3ed89b4a4eb0f.jpg</filename>
	<path>ppe_0350_jpg.rf.66edb7b18e246eaa84f3ed89b4a4eb0f.jpg</path>
	<source>
		<database>roboflow.ai</database>
	</source>
	<size>
		<width>224</width>
		<height>224</height>
		<depth>3</depth>
	</size>
	<segmented>0</segmented>
	<object>
		<name>person</name>
		<pose>Unspecified</pose>
		<truncated>0</truncated>
		<difficult>0</difficult>
		<occluded>0</occluded>
		<bndbox>
			<xmin>24</xmin>
			<xmax>124</xmax>
			<ymin>9</ymin>
			<ymax>224</ymax>
		</bndbox>
	</object>
	<object>
		<name>vest</name>
		<pose>Unspecified</pose>
		<truncated>0</truncated>
		<difficult>0</difficult>
		<occluded>0</occluded>
		<bndbox>
			<xmin>25</xmin>
			<xmax>115</xmax>
			<ymin>84</ymin>
			<ymax>224</ymax>
		</bndbox>
	</object>
	<object>
		<name>helmet</name>
		<pose>Unspecified</pose>
		<truncated>0</truncated>
		<difficult>0</difficult>
		<occluded>0</occluded>
		<bndbox>
			<xmin>56</xmin>
			<xmax>94</xmax>
			<ymin>9</ymin>
			<ymax>48</ymax>
		</bndbox>
	</object>
</annotation>