<annotation>
	<folder />
	<filename>ppe_0562_jpg.rf.7d8e457de47de14ebe2d4acf8651d0cc.jpg</filename>
	<path>ppe_0562_jpg.rf.7d8e457de47de14ebe2d4acf8651d0cc.jpg</path>
	<source>
		<database>roboflow.ai</database>
	</source>
	<size>
		<width>224</width>
		<height>224</height>
		<depth>3</depth>
	</size>
	<segmented>0</segmented>
	<object>
		<name>helmet</name>
		<pose>Unspecified</pose>
		<truncated>0</truncated>
		<difficult>0</difficult>
		<occluded>0</occluded>
		<bndbox>
			<xmin>76</xmin>
			<xmax>94</xmax>
			<ymin>32</ymin>
			<ymax>56</ymax>
		</bndbox>
	</object>
	<object>
		<name>no-vest</name>
		<pose>Unspecified</pose>
		<truncated>0</truncated>
		<difficult>0</difficult>
		<occluded>0</occluded>
		<bndbox>
			<xmin>78</xmin>
			<xmax>102</xmax>
			<ymin>56</ymin>
			<ymax>93</ymax>
		</bndbox>
	</object>
	<object>
		<name>person</name>
		<pose>Unspecified</pose>
		<truncated>0</truncated>
		<difficult>0</difficult>
		<occluded>0</occluded>
		<bndbox>
			<xmin>76</xmin>
			<xmax>121</xmax>
			<ymin>31</ymin>
			<ymax>172</ymax>
		</bndbox>
	</object>
</annotation>