<annotation>
	<folder />
	<filename>ppe_0060_jpg.rf.d4f4f625cf44bf755297faa7878c7f5d.jpg</filename>
	<path>ppe_0060_jpg.rf.d4f4f625cf44bf755297faa7878c7f5d.jpg</path>
	<source>
		<database>roboflow.ai</database>
	</source>
	<size>
		<width>224</width>
		<height>224</height>
		<depth>3</depth>
	</size>
	<segmented>0</segmented>
	<object>
		<name>no-vest</name>
		<pose>Unspecified</pose>
		<truncated>0</truncated>
		<difficult>0</difficult>
		<occluded>0</occluded>
		<bndbox>
			<xmin>68</xmin>
			<xmax>165</xmax>
			<ymin>48</ymin>
			<ymax>113</ymax>
		</bndbox>
	</object>
	<object>
		<name>person</name>
		<pose>Unspecified</pose>
		<truncated>0</truncated>
		<difficult>0</difficult>
		<occluded>0</occluded>
		<bndbox>
			<xmin>57</xmin>
			<xmax>181</xmax>
			<ymin>13</ymin>
			<ymax>207</ymax>
		</bndbox>
	</object>
	<object>
		<name>helmet</name>
		<pose>Unspecified</pose>
		<truncated>0</truncated>
		<difficult>0</difficult>
		<occluded>0</occluded>
		<bndbox>
			<xmin>89</xmin>
			<xmax>138</xmax>
			<ymin>13</ymin>
			<ymax>36</ymax>
		</bndbox>
	</object>
</annotation>