<annotation>
	<folder />
	<filename>ppe_0116_jpg.rf.5895020ff4137d8190ed1b5fcb04ca1e.jpg</filename>
	<path>ppe_0116_jpg.rf.5895020ff4137d8190ed1b5fcb04ca1e.jpg</path>
	<source>
		<database>roboflow.ai</database>
	</source>
	<size>
		<width>224</width>
		<height>224</height>
		<depth>3</depth>
	</size>
	<segmented>0</segmented>
	<object>
		<name>vest</name>
		<pose>Unspecified</pose>
		<truncated>0</truncated>
		<difficult>0</difficult>
		<occluded>0</occluded>
		<bndbox>
			<xmin>99</xmin>
			<xmax>149</xmax>
			<ymin>95</ymin>
			<ymax>170</ymax>
		</bndbox>
	</object>
	<object>
		<name>person</name>
		<pose>Unspecified</pose>
		<truncated>0</truncated>
		<difficult>0</difficult>
		<occluded>0</occluded>
		<bndbox>
			<xmin>86</xmin>
			<xmax>154</xmax>
			<ymin>53</ymin>
			<ymax>220</ymax>
		</bndbox>
	</object>
	<object>
		<name>helmet</name>
		<pose>Unspecified</pose>
		<truncated>0</truncated>
		<difficult>0</difficult>
		<occluded>0</occluded>
		<bndbox>
			<xmin>111</xmin>
			<xmax>136</xmax>
			<ymin>53</ymin>
			<ymax>86</ymax>
		</bndbox>
	</object>
</annotation>