<annotation>
	<folder />
	<filename>ppe_0061_jpg.rf.53f6bb37685a6737143456810d168cae.jpg</filename>
	<path>ppe_0061_jpg.rf.53f6bb37685a6737143456810d168cae.jpg</path>
	<source>
		<database>roboflow.ai</database>
	</source>
	<size>
		<width>224</width>
		<height>224</height>
		<depth>3</depth>
	</size>
	<segmented>0</segmented>
	<object>
		<name>helmet</name>
		<pose>Unspecified</pose>
		<truncated>0</truncated>
		<difficult>0</difficult>
		<occluded>0</occluded>
		<bndbox>
			<xmin>91</xmin>
			<xmax>133</xmax>
			<ymin>4</ymin>
			<ymax>42</ymax>
		</bndbox>
	</object>
	<object>
		<name>person</name>
		<pose>Unspecified</pose>
		<truncated>0</truncated>
		<difficult>0</difficult>
		<occluded>0</occluded>
		<bndbox>
			<xmin>74</xmin>
			<xmax>145</xmax>
			<ymin>2</ymin>
			<ymax>222</ymax>
		</bndbox>
	</object>
	<object>
		<name>no-vest</name>
		<pose>Unspecified</pose>
		<truncated>0</truncated>
		<difficult>0</difficult>
		<occluded>0</occluded>
		<bndbox>
			<xmin>82</xmin>
			<xmax>137</xmax>
			<ymin>65</ymin>
			<ymax>161</ymax>
		</bndbox>
	</object>
</annotation>