<annotation>
	<folder />
	<filename>ppe_0333_jpg.rf.36a3c0a101a60db9f4fa5701e33e5f15.jpg</filename>
	<path>ppe_0333_jpg.rf.36a3c0a101a60db9f4fa5701e33e5f15.jpg</path>
	<source>
		<database>roboflow.ai</database>
	</source>
	<size>
		<width>224</width>
		<height>224</height>
		<depth>3</depth>
	</size>
	<segmented>0</segmented>
	<object>
		<name>person</name>
		<pose>Unspecified</pose>
		<truncated>0</truncated>
		<difficult>0</difficult>
		<occluded>0</occluded>
		<bndbox>
			<xmin>29</xmin>
			<xmax>196</xmax>
			<ymin>12</ymin>
			<ymax>224</ymax>
		</bndbox>
	</object>
	<object>
		<name>vest</name>
		<pose>Unspecified</pose>
		<truncated>0</truncated>
		<difficult>0</difficult>
		<occluded>0</occluded>
		<bndbox>
			<xmin>43</xmin>
			<xmax>172</xmax>
			<ymin>66</ymin>
			<ymax>188</ymax>
		</bndbox>
	</object>
	<object>
		<name>helmet</name>
		<pose>Unspecified</pose>
		<truncated>0</truncated>
		<difficult>0</difficult>
		<occluded>0</occluded>
		<bndbox>
			<xmin>68</xmin>
			<xmax>162</xmax>
			<ymin>7</ymin>
			<ymax>49</ymax>
		</bndbox>
	</object>
</annotation>