<annotation>
	<folder />
	<filename>ppe_0136_jpg.rf.3fc0bedd93df9438f92d3c5625e05a40.jpg</filename>
	<path>ppe_0136_jpg.rf.3fc0bedd93df9438f92d3c5625e05a40.jpg</path>
	<source>
		<database>roboflow.ai</database>
	</source>
	<size>
		<width>224</width>
		<height>224</height>
		<depth>3</depth>
	</size>
	<segmented>0</segmented>
	<object>
		<name>helmet</name>
		<pose>Unspecified</pose>
		<truncated>0</truncated>
		<difficult>0</difficult>
		<occluded>0</occluded>
		<bndbox>
			<xmin>112</xmin>
			<xmax>179</xmax>
			<ymin>19</ymin>
			<ymax>86</ymax>
		</bndbox>
	</object>
	<object>
		<name>person</name>
		<pose>Unspecified</pose>
		<truncated>0</truncated>
		<difficult>0</difficult>
		<occluded>0</occluded>
		<bndbox>
			<xmin>98</xmin>
			<xmax>224</xmax>
			<ymin>11</ymin>
			<ymax>223</ymax>
		</bndbox>
	</object>
	<object>
		<name>no-vest</name>
		<pose>Unspecified</pose>
		<truncated>0</truncated>
		<difficult>0</difficult>
		<occluded>0</occluded>
		<bndbox>
			<xmin>89</xmin>
			<xmax>222</xmax>
			<ymin>106</ymin>
			<ymax>224</ymax>
		</bndbox>
	</object>
</annotation>