<annotation>
	<folder />
	<filename>ppe_0467_jpg.rf.cc3ca94680ea055ee973eb2e5b49952c.jpg</filename>
	<path>ppe_0467_jpg.rf.cc3ca94680ea055ee973eb2e5b49952c.jpg</path>
	<source>
		<database>roboflow.ai</database>
	</source>
	<size>
		<width>224</width>
		<height>224</height>
		<depth>3</depth>
	</size>
	<segmented>0</segmented>
	<object>
		<name>person</name>
		<pose>Unspecified</pose>
		<truncated>0</truncated>
		<difficult>0</difficult>
		<occluded>0</occluded>
		<bndbox>
			<xmin>93</xmin>
			<xmax>164</xmax>
			<ymin>20</ymin>
			<ymax>160</ymax>
		</bndbox>
	</object>
	<object>
		<name>no-vest</name>
		<pose>Unspecified</pose>
		<truncated>0</truncated>
		<difficult>0</difficult>
		<occluded>0</occluded>
		<bndbox>
			<xmin>97</xmin>
			<xmax>164</xmax>
			<ymin>86</ymin>
			<ymax>160</ymax>
		</bndbox>
	</object>
	<object>
		<name>helmet</name>
		<pose>Unspecified</pose>
		<truncated>0</truncated>
		<difficult>0</difficult>
		<occluded>0</occluded>
		<bndbox>
			<xmin>96</xmin>
			<xmax>138</xmax>
			<ymin>23</ymin>
			<ymax>68</ymax>
		</bndbox>
	</object>
</annotation>