<annotation>
	<folder />
	<filename>ppe_0531_jpg.rf.84f85911fb2e228051921150c74103c4.jpg</filename>
	<path>ppe_0531_jpg.rf.84f85911fb2e228051921150c74103c4.jpg</path>
	<source>
		<database>roboflow.ai</database>
	</source>
	<size>
		<width>224</width>
		<height>224</height>
		<depth>3</depth>
	</size>
	<segmented>0</segmented>
	<object>
		<name>vest</name>
		<pose>Unspecified</pose>
		<truncated>0</truncated>
		<difficult>0</difficult>
		<occluded>0</occluded>
		<bndbox>
			<xmin>147</xmin>
			<xmax>195</xmax>
			<ymin>51</ymin>
			<ymax>130</ymax>
		</bndbox>
	</object>
	<object>
		<name>person</name>
		<pose>Unspecified</pose>
		<truncated>0</truncated>
		<difficult>0</difficult>
		<occluded>0</occluded>
		<bndbox>
			<xmin>137</xmin>
			<xmax>208</xmax>
			<ymin>21</ymin>
			<ymax>219</ymax>
		</bndbox>
	</object>
	<object>
		<name>helmet</name>
		<pose>Unspecified</pose>
		<truncated>0</truncated>
		<difficult>0</difficult>
		<occluded>0</occluded>
		<bndbox>
			<xmin>150</xmin>
			<xmax>181</xmax>
			<ymin>22</ymin>
			<ymax>48</ymax>
		</bndbox>
	</object>
</annotation>