<annotation>
	<folder />
	<filename>ppe_0538_jpg.rf.b3cfaacf1c831f96120e9cdb17e85097.jpg</filename>
	<path>ppe_0538_jpg.rf.b3cfaacf1c831f96120e9cdb17e85097.jpg</path>
	<source>
		<database>roboflow.ai</database>
	</source>
	<size>
		<width>224</width>
		<height>224</height>
		<depth>3</depth>
	</size>
	<segmented>0</segmented>
	<object>
		<name>helmet</name>
		<pose>Unspecified</pose>
		<truncated>0</truncated>
		<difficult>0</difficult>
		<occluded>0</occluded>
		<bndbox>
			<xmin>90</xmin>
			<xmax>128</xmax>
			<ymin>16</ymin>
			<ymax>41</ymax>
		</bndbox>
	</object>
	<object>
		<name>no-vest</name>
		<pose>Unspecified</pose>
		<truncated>0</truncated>
		<difficult>0</difficult>
		<occluded>0</occluded>
		<bndbox>
			<xmin>88</xmin>
			<xmax>162</xmax>
			<ymin>45</ymin>
			<ymax>120</ymax>
		</bndbox>
	</object>
	<object>
		<name>person</name>
		<pose>Unspecified</pose>
		<truncated>0</truncated>
		<difficult>0</difficult>
		<occluded>0</occluded>
		<bndbox>
			<xmin>69</xmin>
			<xmax>174</xmax>
			<ymin>17</ymin>
			<ymax>204</ymax>
		</bndbox>
	</object>
</annotation>