<annotation>
	<folder />
	<filename>ppe_0083_jpg.rf.90be02c438e2d42ccbbe440c6a01ae43.jpg</filename>
	<path>ppe_0083_jpg.rf.90be02c438e2d42ccbbe440c6a01ae43.jpg</path>
	<source>
		<database>roboflow.ai</database>
	</source>
	<size>
		<width>224</width>
		<height>224</height>
		<depth>3</depth>
	</size>
	<segmented>0</segmented>
	<object>
		<name>person</name>
		<pose>Unspecified</pose>
		<truncated>0</truncated>
		<difficult>0</difficult>
		<occluded>0</occluded>
		<bndbox>
			<xmin>115</xmin>
			<xmax>215</xmax>
			<ymin>6</ymin>
			<ymax>215</ymax>
		</bndbox>
	</object>
	<object>
		<name>vest</name>
		<pose>Unspecified</pose>
		<truncated>0</truncated>
		<difficult>0</difficult>
		<occluded>0</occluded>
		<bndbox>
			<xmin>120</xmin>
			<xmax>215</xmax>
			<ymin>76</ymin>
			<ymax>213</ymax>
		</bndbox>
	</object>
	<object>
		<name>helmet</name>
		<pose>Unspecified</pose>
		<truncated>0</truncated>
		<difficult>0</difficult>
		<occluded>0</occluded>
		<bndbox>
			<xmin>140</xmin>
			<xmax>184</xmax>
			<ymin>5</ymin>
			<ymax>43</ymax>
		</bndbox>
	</object>
</annotation>