<annotation>
	<folder />
	<filename>ppe_0070_jpg.rf.432f99ab20003f1fd68f63d55bc3e674.jpg</filename>
	<path>ppe_0070_jpg.rf.432f99ab20003f1fd68f63d55bc3e674.jpg</path>
	<source>
		<database>roboflow.ai</database>
	</source>
	<size>
		<width>224</width>
		<height>224</height>
		<depth>3</depth>
	</size>
	<segmented>0</segmented>
	<object>
		<name>helmet</name>
		<pose>Unspecified</pose>
		<truncated>0</truncated>
		<difficult>0</difficult>
		<occluded>0</occluded>
		<bndbox>
			<xmin>74</xmin>
			<xmax>139</xmax>
			<ymin>51</ymin>
			<ymax>84</ymax>
		</bndbox>
	</object>
	<object>
		<name>person</name>
		<pose>Unspecified</pose>
		<truncated>0</truncated>
		<difficult>0</difficult>
		<occluded>0</occluded>
		<bndbox>
			<xmin>31</xmin>
			<xmax>190</xmax>
			<ymin>44</ymin>
			<ymax>220</ymax>
		</bndbox>
	</object>
	<object>
		<name>vest</name>
		<pose>Unspecified</pose>
		<truncated>0</truncated>
		<difficult>0</difficult>
		<occluded>0</occluded>
		<bndbox>
			<xmin>57</xmin>
			<xmax>156</xmax>
			<ymin>102</ymin>
			<ymax>212</ymax>
		</bndbox>
	</object>
</annotation>