<annotation>
	<folder />
	<filename>ppe_0250_jpg.rf.348d493439464194875763beb27f197b.jpg</filename>
	<path>ppe_0250_jpg.rf.348d493439464194875763beb27f197b.jpg</path>
	<source>
		<database>roboflow.ai</database>
	</source>
	<size>
		<width>224</width>
		<height>224</height>
		<depth>3</depth>
	</size>
	<segmented>0</segmented>
	<object>
		<name>person</name>
		<pose>Unspecified</pose>
		<truncated>0</truncated>
		<difficult>0</difficult>
		<occluded>0</occluded>
		<bndbox>
			<xmin>86</xmin>
			<xmax>169</xmax>
			<ymin>3</ymin>
			<ymax>177</ymax>
		</bndbox>
	</object>
	<object>
		<name>no-vest</name>
		<pose>Unspecified</pose>
		<truncated>0</truncated>
		<difficult>0</difficult>
		<occluded>0</occluded>
		<bndbox>
			<xmin>85</xmin>
			<xmax>173</xmax>
			<ymin>96</ymin>
			<ymax>180</ymax>
		</bndbox>
	</object>
	<object>
		<name>helmet</name>
		<pose>Unspecified</pose>
		<truncated>0</truncated>
		<difficult>0</difficult>
		<occluded>0</occluded>
		<bndbox>
			<xmin>94</xmin>
			<xmax>145</xmax>
			<ymin>0</ymin>
			<ymax>55</ymax>
		</bndbox>
	</object>
</annotation>