<annotation>
	<folder />
	<filename>ppe_0420_jpg.rf.7a4f2c74fc29aa4076c612feea73af71.jpg</filename>
	<path>ppe_0420_jpg.rf.7a4f2c74fc29aa4076c612feea73af71.jpg</path>
	<source>
		<database>roboflow.ai</database>
	</source>
	<size>
		<width>224</width>
		<height>224</height>
		<depth>3</depth>
	</size>
	<segmented>0</segmented>
	<object>
		<name>helmet</name>
		<pose>Unspecified</pose>
		<truncated>0</truncated>
		<difficult>0</difficult>
		<occluded>0</occluded>
		<bndbox>
			<xmin>77</xmin>
			<xmax>171</xmax>
			<ymin>24</ymin>
			<ymax>66</ymax>
		</bndbox>
	</object>
	<object>
		<name>person</name>
		<pose>Unspecified</pose>
		<truncated>0</truncated>
		<difficult>0</difficult>
		<occluded>0</occluded>
		<bndbox>
			<xmin>37</xmin>
			<xmax>203</xmax>
			<ymin>24</ymin>
			<ymax>161</ymax>
		</bndbox>
	</object>
</annotation>