<annotation>
	<folder />
	<filename>ppe_0055_jpg.rf.055195d79a1dd5aa8e902bdc7011c193.jpg</filename>
	<path>ppe_0055_jpg.rf.055195d79a1dd5aa8e902bdc7011c193.jpg</path>
	<source>
		<database>roboflow.ai</database>
	</source>
	<size>
		<width>224</width>
		<height>224</height>
		<depth>3</depth>
	</size>
	<segmented>0</segmented>
	<object>
		<name>helmet</name>
		<pose>Unspecified</pose>
		<truncated>0</truncated>
		<difficult>0</difficult>
		<occluded>0</occluded>
		<bndbox>
			<xmin>74</xmin>
			<xmax>91</xmax>
			<ymin>42</ymin>
			<ymax>66</ymax>
		</bndbox>
	</object>
	<object>
		<name>no-vest</name>
		<pose>Unspecified</pose>
		<truncated>0</truncated>
		<difficult>0</difficult>
		<occluded>0</occluded>
		<bndbox>
			<xmin>68</xmin>
			<xmax>101</xmax>
			<ymin>71</ymin>
			<ymax>133</ymax>
		</bndbox>
	</object>
	<object>
		<name>person</name>
		<pose>Unspecified</pose>
		<truncated>0</truncated>
		<difficult>0</difficult>
		<occluded>0</occluded>
		<bndbox>
			<xmin>64</xmin>
			<xmax>107</xmax>
			<ymin>38</ymin>
			<ymax>204</ymax>
		</bndbox>
	</object>
</annotation>