<annotation>
	<folder />
	<filename>ppe_0189_jpg.rf.81046ebc0e4a9f3c887a19913da0b999.jpg</filename>
	<path>ppe_0189_jpg.rf.81046ebc0e4a9f3c887a19913da0b999.jpg</path>
	<source>
		<database>roboflow.ai</database>
	</source>
	<size>
		<width>224</width>
		<height>224</height>
		<depth>3</depth>
	</size>
	<segmented>0</segmented>
	<object>
		<name>person</name>
		<pose>Unspecified</pose>
		<truncated>0</truncated>
		<difficult>0</difficult>
		<occluded>0</occluded>
		<bndbox>
			<xmin>61</xmin>
			<xmax>201</xmax>
			<ymin>11</ymin>
			<ymax>225</ymax>
		</bndbox>
	</object>
	<object>
		<name>helmet</name>
		<pose>Unspecified</pose>
		<truncated>0</truncated>
		<difficult>0</difficult>
		<occluded>0</occluded>
		<bndbox>
			<xmin>86</xmin>
			<xmax>170</xmax>
			<ymin>11</ymin>
			<ymax>98</ymax>
		</bndbox>
	</object>
</annotation>