<annotation>
	<folder />
	<filename>ppe_0410_jpg.rf.e78f4fdddfaab950723df58d53e66c3d.jpg</filename>
	<path>ppe_0410_jpg.rf.e78f4fdddfaab950723df58d53e66c3d.jpg</path>
	<source>
		<database>roboflow.ai</database>
	</source>
	<size>
		<width>224</width>
		<height>224</height>
		<depth>3</depth>
	</size>
	<segmented>0</segmented>
	<object>
		<name>helmet</name>
		<pose>Unspecified</pose>
		<truncated>0</truncated>
		<difficult>0</difficult>
		<occluded>0</occluded>
		<bndbox>
			<xmin>107</xmin>
			<xmax>192</xmax>
			<ymin>20</ymin>
			<ymax>101</ymax>
		</bndbox>
	</object>
	<object>
		<name>person</name>
		<pose>Unspecified</pose>
		<truncated>0</truncated>
		<difficult>0</difficult>
		<occluded>0</occluded>
		<bndbox>
			<xmin>98</xmin>
			<xmax>210</xmax>
			<ymin>20</ymin>
			<ymax>224</ymax>
		</bndbox>
	</object>
</annotation>