<annotation>
	<folder />
	<filename>ppe_0039_jpg.rf.506b4b071e107fb4ebbbeb8866681287.jpg</filename>
	<path>ppe_0039_jpg.rf.506b4b071e107fb4ebbbeb8866681287.jpg</path>
	<source>
		<database>roboflow.ai</database>
	</source>
	<size>
		<width>224</width>
		<height>224</height>
		<depth>3</depth>
	</size>
	<segmented>0</segmented>
	<object>
		<name>helmet</name>
		<pose>Unspecified</pose>
		<truncated>0</truncated>
		<difficult>0</difficult>
		<occluded>0</occluded>
		<bndbox>
			<xmin>83</xmin>
			<xmax>140</xmax>
			<ymin>31</ymin>
			<ymax>64</ymax>
		</bndbox>
	</object>
	<object>
		<name>person</name>
		<pose>Unspecified</pose>
		<truncated>0</truncated>
		<difficult>0</difficult>
		<occluded>0</occluded>
		<bndbox>
			<xmin>48</xmin>
			<xmax>173</xmax>
			<ymin>23</ymin>
			<ymax>194</ymax>
		</bndbox>
	</object>
	<object>
		<name>no-vest</name>
		<pose>Unspecified</pose>
		<truncated>0</truncated>
		<difficult>0</difficult>
		<occluded>0</occluded>
		<bndbox>
			<xmin>79</xmin>
			<xmax>168</xmax>
			<ymin>78</ymin>
			<ymax>155</ymax>
		</bndbox>
	</object>
</annotation>