<annotation>
	<folder />
	<filename>ppe_0619_jpg.rf.cd1d57caebae88a610ad938345a4c0c4.jpg</filename>
	<path>ppe_0619_jpg.rf.cd1d57caebae88a610ad938345a4c0c4.jpg</path>
	<source>
		<database>roboflow.ai</database>
	</source>
	<size>
		<width>224</width>
		<height>224</height>
		<depth>3</depth>
	</size>
	<segmented>0</segmented>
	<object>
		<name>person</name>
		<pose>Unspecified</pose>
		<truncated>0</truncated>
		<difficult>0</difficult>
		<occluded>0</occluded>
		<bndbox>
			<xmin>101</xmin>
			<xmax>138</xmax>
			<ymin>59</ymin>
			<ymax>225</ymax>
		</bndbox>
	</object>
	<object>
		<name>helmet</name>
		<pose>Unspecified</pose>
		<truncated>0</truncated>
		<difficult>0</difficult>
		<occluded>0</occluded>
		<bndbox>
			<xmin>108</xmin>
			<xmax>130</xmax>
			<ymin>60</ymin>
			<ymax>82</ymax>
		</bndbox>
	</object>
</annotation>