<annotation>
	<folder />
	<filename>ppe_0479_jpg.rf.ce74b169400019cc98c36cc275eb5649.jpg</filename>
	<path>ppe_0479_jpg.rf.ce74b169400019cc98c36cc275eb5649.jpg</path>
	<source>
		<database>roboflow.ai</database>
	</source>
	<size>
		<width>224</width>
		<height>224</height>
		<depth>3</depth>
	</size>
	<segmented>0</segmented>
	<object>
		<name>helmet</name>
		<pose>Unspecified</pose>
		<truncated>0</truncated>
		<difficult>0</difficult>
		<occluded>0</occluded>
		<bndbox>
			<xmin>66</xmin>
			<xmax>149</xmax>
			<ymin>12</ymin>
			<ymax>64</ymax>
		</bndbox>
	</object>
	<object>
		<name>person</name>
		<pose>Unspecified</pose>
		<truncated>0</truncated>
		<difficult>0</difficult>
		<occluded>0</occluded>
		<bndbox>
			<xmin>57</xmin>
			<xmax>224</xmax>
			<ymin>12</ymin>
			<ymax>212</ymax>
		</bndbox>
	</object>
	<object>
		<name>no-vest</name>
		<pose>Unspecified</pose>
		<truncated>0</truncated>
		<difficult>0</difficult>
		<occluded>0</occluded>
		<bndbox>
			<xmin>79</xmin>
			<xmax>222</xmax>
			<ymin>90</ymin>
			<ymax>199</ymax>
		</bndbox>
	</object>
</annotation>