<annotation>
	<folder />
	<filename>ppe_0272_jpg.rf.27d0d4e5eb18a9d7c8127c6c9f4283f0.jpg</filename>
	<path>ppe_0272_jpg.rf.27d0d4e5eb18a9d7c8127c6c9f4283f0.jpg</path>
	<source>
		<database>roboflow.ai</database>
	</source>
	<size>
		<width>224</width>
		<height>224</height>
		<depth>3</depth>
	</size>
	<segmented>0</segmented>
	<object>
		<name>person</name>
		<pose>Unspecified</pose>
		<truncated>0</truncated>
		<difficult>0</difficult>
		<occluded>0</occluded>
		<bndbox>
			<xmin>8</xmin>
			<xmax>57</xmax>
			<ymin>41</ymin>
			<ymax>198</ymax>
		</bndbox>
	</object>
</annotation>