<annotation>
	<folder />
	<filename>ppe_0031_jpg.rf.919d2f81449ce8119aea410409421bef.jpg</filename>
	<path>ppe_0031_jpg.rf.919d2f81449ce8119aea410409421bef.jpg</path>
	<source>
		<database>roboflow.ai</database>
	</source>
	<size>
		<width>224</width>
		<height>224</height>
		<depth>3</depth>
	</size>
	<segmented>0</segmented>
	<object>
		<name>person</name>
		<pose>Unspecified</pose>
		<truncated>0</truncated>
		<difficult>0</difficult>
		<occluded>0</occluded>
		<bndbox>
			<xmin>5</xmin>
			<xmax>88</xmax>
			<ymin>17</ymin>
			<ymax>216</ymax>
		</bndbox>
	</object>
	<object>
		<name>vest</name>
		<pose>Unspecified</pose>
		<truncated>0</truncated>
		<difficult>0</difficult>
		<occluded>0</occluded>
		<bndbox>
			<xmin>4</xmin>
			<xmax>69</xmax>
			<ymin>84</ymin>
			<ymax>225</ymax>
		</bndbox>
	</object>
	<object>
		<name>helmet</name>
		<pose>Unspecified</pose>
		<truncated>0</truncated>
		<difficult>0</difficult>
		<occluded>0</occluded>
		<bndbox>
			<xmin>28</xmin>
			<xmax>74</xmax>
			<ymin>21</ymin>
			<ymax>74</ymax>
		</bndbox>
	</object>
</annotation>