<annotation>
	<folder />
	<filename>ppe_0278_jpg.rf.9a7c6d9c75563aed2cda38beb221d5d7.jpg</filename>
	<path>ppe_0278_jpg.rf.9a7c6d9c75563aed2cda38beb221d5d7.jpg</path>
	<source>
		<database>roboflow.ai</database>
	</source>
	<size>
		<width>224</width>
		<height>224</height>
		<depth>3</depth>
	</size>
	<segmented>0</segmented>
	<object>
		<name>person</name>
		<pose>Unspecified</pose>
		<truncated>0</truncated>
		<difficult>0</difficult>
		<occluded>0</occluded>
		<bndbox>
			<xmin>84</xmin>
			<xmax>188</xmax>
			<ymin>57</ymin>
			<ymax>225</ymax>
		</bndbox>
	</object>
	<object>
		<name>vest</name>
		<pose>Unspecified</pose>
		<truncated>0</truncated>
		<difficult>0</difficult>
		<occluded>0</occluded>
		<bndbox>
			<xmin>86</xmin>
			<xmax>186</xmax>
			<ymin>109</ymin>
			<ymax>219</ymax>
		</bndbox>
	</object>
	<object>
		<name>helmet</name>
		<pose>Unspecified</pose>
		<truncated>0</truncated>
		<difficult>0</difficult>
		<occluded>0</occluded>
		<bndbox>
			<xmin>102</xmin>
			<xmax>172</xmax>
			<ymin>58</ymin>
			<ymax>82</ymax>
		</bndbox>
	</object>
</annotation>