<annotation>
	<folder />
	<filename>ppe_0007_jpg.rf.9f6161d58cfa51eebe4e5933a1f9833e.jpg</filename>
	<path>ppe_0007_jpg.rf.9f6161d58cfa51eebe4e5933a1f9833e.jpg</path>
	<source>
		<database>roboflow.ai</database>
	</source>
	<size>
		<width>224</width>
		<height>224</height>
		<depth>3</depth>
	</size>
	<segmented>0</segmented>
	<object>
		<name>helmet</name>
		<pose>Unspecified</pose>
		<truncated>0</truncated>
		<difficult>0</difficult>
		<occluded>0</occluded>
		<bndbox>
			<xmin>37</xmin>
			<xmax>191</xmax>
			<ymin>8</ymin>
			<ymax>84</ymax>
		</bndbox>
	</object>
	<object>
		<name>person</name>
		<pose>Unspecified</pose>
		<truncated>0</truncated>
		<difficult>0</difficult>
		<occluded>0</occluded>
		<bndbox>
			<xmin>18</xmin>
			<xmax>222</xmax>
			<ymin>14</ymin>
			<ymax>220</ymax>
		</bndbox>
	</object>
</annotation>