<annotation>
	<folder />
	<filename>ppe_0140_jpg.rf.df038e835cedd24695ed18e5bcccf6d4.jpg</filename>
	<path>ppe_0140_jpg.rf.df038e835cedd24695ed18e5bcccf6d4.jpg</path>
	<source>
		<database>roboflow.ai</database>
	</source>
	<size>
		<width>224</width>
		<height>224</height>
		<depth>3</depth>
	</size>
	<segmented>0</segmented>
	<object>
		<name>vest</name>
		<pose>Unspecified</pose>
		<truncated>0</truncated>
		<difficult>0</difficult>
		<occluded>0</occluded>
		<bndbox>
			<xmin>57</xmin>
			<xmax>163</xmax>
			<ymin>64</ymin>
			<ymax>171</ymax>
		</bndbox>
	</object>
	<object>
		<name>helmet</name>
		<pose>Unspecified</pose>
		<truncated>0</truncated>
		<difficult>0</difficult>
		<occluded>0</occluded>
		<bndbox>
			<xmin>80</xmin>
			<xmax>142</xmax>
			<ymin>4</ymin>
			<ymax>36</ymax>
		</bndbox>
	</object>
	<object>
		<name>person</name>
		<pose>Unspecified</pose>
		<truncated>0</truncated>
		<difficult>0</difficult>
		<occluded>0</occluded>
		<bndbox>
			<xmin>41</xmin>
			<xmax>184</xmax>
			<ymin>4</ymin>
			<ymax>211</ymax>
		</bndbox>
	</object>
</annotation>