<annotation>
	<folder />
	<filename>ppe_0568_jpg.rf.6777d663ed4eec931a326aa68e03429e.jpg</filename>
	<path>ppe_0568_jpg.rf.6777d663ed4eec931a326aa68e03429e.jpg</path>
	<source>
		<database>roboflow.ai</database>
	</source>
	<size>
		<width>224</width>
		<height>224</height>
		<depth>3</depth>
	</size>
	<segmented>0</segmented>
	<object>
		<name>helmet</name>
		<pose>Unspecified</pose>
		<truncated>0</truncated>
		<difficult>0</difficult>
		<occluded>0</occluded>
		<bndbox>
			<xmin>169</xmin>
			<xmax>195</xmax>
			<ymin>39</ymin>
			<ymax>69</ymax>
		</bndbox>
	</object>
	<object>
		<name>no-vest</name>
		<pose>Unspecified</pose>
		<truncated>0</truncated>
		<difficult>0</difficult>
		<occluded>0</occluded>
		<bndbox>
			<xmin>172</xmin>
			<xmax>196</xmax>
			<ymin>73</ymin>
			<ymax>149</ymax>
		</bndbox>
	</object>
	<object>
		<name>person</name>
		<pose>Unspecified</pose>
		<truncated>0</truncated>
		<difficult>0</difficult>
		<occluded>0</occluded>
		<bndbox>
			<xmin>162</xmin>
			<xmax>196</xmax>
			<ymin>37</ymin>
			<ymax>223</ymax>
		</bndbox>
	</object>
</annotation>