<annotation>
	<folder />
	<filename>ppe_0507_jpg.rf.b6e8add64c0022cfc22f7561d3d80b38.jpg</filename>
	<path>ppe_0507_jpg.rf.b6e8add64c0022cfc22f7561d3d80b38.jpg</path>
	<source>
		<database>roboflow.ai</database>
	</source>
	<size>
		<width>224</width>
		<height>224</height>
		<depth>3</depth>
	</size>
	<segmented>0</segmented>
	<object>
		<name>helmet</name>
		<pose>Unspecified</pose>
		<truncated>0</truncated>
		<difficult>0</difficult>
		<occluded>0</occluded>
		<bndbox>
			<xmin>124</xmin>
			<xmax>214</xmax>
			<ymin>77</ymin>
			<ymax>158</ymax>
		</bndbox>
	</object>
</annotation>