<annotation>
	<folder />
	<filename>ppe_0484_jpg.rf.7a920a726cbf0bf12892af2f139a60e9.jpg</filename>
	<path>ppe_0484_jpg.rf.7a920a726cbf0bf12892af2f139a60e9.jpg</path>
	<source>
		<database>roboflow.ai</database>
	</source>
	<size>
		<width>224</width>
		<height>224</height>
		<depth>3</depth>
	</size>
	<segmented>0</segmented>
	<object>
		<name>person</name>
		<pose>Unspecified</pose>
		<truncated>0</truncated>
		<difficult>0</difficult>
		<occluded>0</occluded>
		<bndbox>
			<xmin>57</xmin>
			<xmax>194</xmax>
			<ymin>3</ymin>
			<ymax>220</ymax>
		</bndbox>
	</object>
	<object>
		<name>no-vest</name>
		<pose>Unspecified</pose>
		<truncated>0</truncated>
		<difficult>0</difficult>
		<occluded>0</occluded>
		<bndbox>
			<xmin>60</xmin>
			<xmax>195</xmax>
			<ymin>110</ymin>
			<ymax>224</ymax>
		</bndbox>
	</object>
	<object>
		<name>helmet</name>
		<pose>Unspecified</pose>
		<truncated>0</truncated>
		<difficult>0</difficult>
		<occluded>0</occluded>
		<bndbox>
			<xmin>99</xmin>
			<xmax>171</xmax>
			<ymin>0</ymin>
			<ymax>55</ymax>
		</bndbox>
	</object>
</annotation>