<annotation>
	<folder />
	<filename>ppe_0427_jpg.rf.699736913cc6abf3df981b5c995fccec.jpg</filename>
	<path>ppe_0427_jpg.rf.699736913cc6abf3df981b5c995fccec.jpg</path>
	<source>
		<database>roboflow.ai</database>
	</source>
	<size>
		<width>224</width>
		<height>224</height>
		<depth>3</depth>
	</size>
	<segmented>0</segmented>
	<object>
		<name>helmet</name>
		<pose>Unspecified</pose>
		<truncated>0</truncated>
		<difficult>0</difficult>
		<occluded>0</occluded>
		<bndbox>
			<xmin>27</xmin>
			<xmax>172</xmax>
			<ymin>3</ymin>
			<ymax>124</ymax>
		</bndbox>
	</object>
	<object>
		<name>person</name>
		<pose>Unspecified</pose>
		<truncated>0</truncated>
		<difficult>0</difficult>
		<occluded>0</occluded>
		<bndbox>
			<xmin>28</xmin>
			<xmax>172</xmax>
			<ymin>2</ymin>
			<ymax>224</ymax>
		</bndbox>
	</object>
</annotation>