<annotation>
	<folder />
	<filename>ppe_0249_jpg.rf.e87ff2c5ae64e7d90d3691f5c5ce2975.jpg</filename>
	<path>ppe_0249_jpg.rf.e87ff2c5ae64e7d90d3691f5c5ce2975.jpg</path>
	<source>
		<database>roboflow.ai</database>
	</source>
	<size>
		<width>224</width>
		<height>224</height>
		<depth>3</depth>
	</size>
	<segmented>0</segmented>
	<object>
		<name>no-vest</name>
		<pose>Unspecified</pose>
		<truncated>0</truncated>
		<difficult>0</difficult>
		<occluded>0</occluded>
		<bndbox>
			<xmin>77</xmin>
			<xmax>156</xmax>
			<ymin>114</ymin>
			<ymax>222</ymax>
		</bndbox>
	</object>
	<object>
		<name>helmet</name>
		<pose>Unspecified</pose>
		<truncated>0</truncated>
		<difficult>0</difficult>
		<occluded>0</occluded>
		<bndbox>
			<xmin>89</xmin>
			<xmax>136</xmax>
			<ymin>37</ymin>
			<ymax>83</ymax>
		</bndbox>
	</object>
	<object>
		<name>person</name>
		<pose>Unspecified</pose>
		<truncated>0</truncated>
		<difficult>0</difficult>
		<occluded>0</occluded>
		<bndbox>
			<xmin>78</xmin>
			<xmax>168</xmax>
			<ymin>38</ymin>
			<ymax>224</ymax>
		</bndbox>
	</object>
</annotation>