<annotation>
	<folder />
	<filename>ppe_0257_jpg.rf.be707aea464e7a9474cb449639ab50b7.jpg</filename>
	<path>ppe_0257_jpg.rf.be707aea464e7a9474cb449639ab50b7.jpg</path>
	<source>
		<database>roboflow.ai</database>
	</source>
	<size>
		<width>224</width>
		<height>224</height>
		<depth>3</depth>
	</size>
	<segmented>0</segmented>
	<object>
		<name>helmet</name>
		<pose>Unspecified</pose>
		<truncated>0</truncated>
		<difficult>0</difficult>
		<occluded>0</occluded>
		<bndbox>
			<xmin>105</xmin>
			<xmax>155</xmax>
			<ymin>8</ymin>
			<ymax>52</ymax>
		</bndbox>
	</object>
	<object>
		<name>person</name>
		<pose>Unspecified</pose>
		<truncated>0</truncated>
		<difficult>0</difficult>
		<occluded>0</occluded>
		<bndbox>
			<xmin>101</xmin>
			<xmax>181</xmax>
			<ymin>4</ymin>
			<ymax>203</ymax>
		</bndbox>
	</object>
	<object>
		<name>vest</name>
		<pose>Unspecified</pose>
		<truncated>0</truncated>
		<difficult>0</difficult>
		<occluded>0</occluded>
		<bndbox>
			<xmin>109</xmin>
			<xmax>181</xmax>
			<ymin>76</ymin>
			<ymax>206</ymax>
		</bndbox>
	</object>
</annotation>