<annotation>
	<folder />
	<filename>ppe_0470_jpg.rf.b106817a363e1aeafc92360554b0f2ad.jpg</filename>
	<path>ppe_0470_jpg.rf.b106817a363e1aeafc92360554b0f2ad.jpg</path>
	<source>
		<database>roboflow.ai</database>
	</source>
	<size>
		<width>224</width>
		<height>224</height>
		<depth>3</depth>
	</size>
	<segmented>0</segmented>
	<object>
		<name>helmet</name>
		<pose>Unspecified</pose>
		<truncated>0</truncated>
		<difficult>0</difficult>
		<occluded>0</occluded>
		<bndbox>
			<xmin>106</xmin>
			<xmax>122</xmax>
			<ymin>54</ymin>
			<ymax>74</ymax>
		</bndbox>
	</object>
	<object>
		<name>vest</name>
		<pose>Unspecified</pose>
		<truncated>0</truncated>
		<difficult>0</difficult>
		<occluded>0</occluded>
		<bndbox>
			<xmin>67</xmin>
			<xmax>116</xmax>
			<ymin>67</ymin>
			<ymax>127</ymax>
		</bndbox>
	</object>
	<object>
		<name>person</name>
		<pose>Unspecified</pose>
		<truncated>0</truncated>
		<difficult>0</difficult>
		<occluded>0</occluded>
		<bndbox>
			<xmin>64</xmin>
			<xmax>124</xmax>
			<ymin>54</ymin>
			<ymax>206</ymax>
		</bndbox>
	</object>
</annotation>