<annotation>
	<folder />
	<filename>ppe_0091_jpg.rf.109a07f951366869b3c4a42360d8e599.jpg</filename>
	<path>ppe_0091_jpg.rf.109a07f951366869b3c4a42360d8e599.jpg</path>
	<source>
		<database>roboflow.ai</database>
	</source>
	<size>
		<width>224</width>
		<height>224</height>
		<depth>3</depth>
	</size>
	<segmented>0</segmented>
	<object>
		<name>helmet</name>
		<pose>Unspecified</pose>
		<truncated>0</truncated>
		<difficult>0</difficult>
		<occluded>0</occluded>
		<bndbox>
			<xmin>30</xmin>
			<xmax>201</xmax>
			<ymin>6</ymin>
			<ymax>115</ymax>
		</bndbox>
	</object>
	<object>
		<name>person</name>
		<pose>Unspecified</pose>
		<truncated>0</truncated>
		<difficult>0</difficult>
		<occluded>0</occluded>
		<bndbox>
			<xmin>24</xmin>
			<xmax>203</xmax>
			<ymin>4</ymin>
			<ymax>214</ymax>
		</bndbox>
	</object>
</annotation>