<annotation>
	<folder />
	<filename>ppe_0294_jpg.rf.6a0023f6da1a17e69ab4a208c81946ee.jpg</filename>
	<path>ppe_0294_jpg.rf.6a0023f6da1a17e69ab4a208c81946ee.jpg</path>
	<source>
		<database>roboflow.ai</database>
	</source>
	<size>
		<width>224</width>
		<height>224</height>
		<depth>3</depth>
	</size>
	<segmented>0</segmented>
	<object>
		<name>helmet</name>
		<pose>Unspecified</pose>
		<truncated>0</truncated>
		<difficult>0</difficult>
		<occluded>0</occluded>
		<bndbox>
			<xmin>58</xmin>
			<xmax>155</xmax>
			<ymin>11</ymin>
			<ymax>65</ymax>
		</bndbox>
	</object>
	<object>
		<name>person</name>
		<pose>Unspecified</pose>
		<truncated>0</truncated>
		<difficult>0</difficult>
		<occluded>0</occluded>
		<bndbox>
			<xmin>10</xmin>
			<xmax>215</xmax>
			<ymin>8</ymin>
			<ymax>224</ymax>
		</bndbox>
	</object>
	<object>
		<name>no-vest</name>
		<pose>Unspecified</pose>
		<truncated>0</truncated>
		<difficult>0</difficult>
		<occluded>0</occluded>
		<bndbox>
			<xmin>4</xmin>
			<xmax>218</xmax>
			<ymin>110</ymin>
			<ymax>217</ymax>
		</bndbox>
	</object>
</annotation>