<annotation>
	<folder />
	<filename>ppe_0465_jpg.rf.14d755d59f8aa10ffb1150d4f6673f77.jpg</filename>
	<path>ppe_0465_jpg.rf.14d755d59f8aa10ffb1150d4f6673f77.jpg</path>
	<source>
		<database>roboflow.ai</database>
	</source>
	<size>
		<width>224</width>
		<height>224</height>
		<depth>3</depth>
	</size>
	<segmented>0</segmented>
	<object>
		<name>person</name>
		<pose>Unspecified</pose>
		<truncated>0</truncated>
		<difficult>0</difficult>
		<occluded>0</occluded>
		<bndbox>
			<xmin>59</xmin>
			<xmax>122</xmax>
			<ymin>22</ymin>
			<ymax>222</ymax>
		</bndbox>
	</object>
	<object>
		<name>no-vest</name>
		<pose>Unspecified</pose>
		<truncated>0</truncated>
		<difficult>0</difficult>
		<occluded>0</occluded>
		<bndbox>
			<xmin>62</xmin>
			<xmax>118</xmax>
			<ymin>89</ymin>
			<ymax>203</ymax>
		</bndbox>
	</object>
	<object>
		<name>helmet</name>
		<pose>Unspecified</pose>
		<truncated>0</truncated>
		<difficult>0</difficult>
		<occluded>0</occluded>
		<bndbox>
			<xmin>64</xmin>
			<xmax>93</xmax>
			<ymin>22</ymin>
			<ymax>83</ymax>
		</bndbox>
	</object>
</annotation>