<annotation>
	<folder />
	<filename>ppe_0320_jpg.rf.b78a90e120343e34a9049d8d94aa99ec.jpg</filename>
	<path>ppe_0320_jpg.rf.b78a90e120343e34a9049d8d94aa99ec.jpg</path>
	<source>
		<database>roboflow.ai</database>
	</source>
	<size>
		<width>224</width>
		<height>224</height>
		<depth>3</depth>
	</size>
	<segmented>0</segmented>
	<object>
		<name>helmet</name>
		<pose>Unspecified</pose>
		<truncated>0</truncated>
		<difficult>0</difficult>
		<occluded>0</occluded>
		<bndbox>
			<xmin>160</xmin>
			<xmax>196</xmax>
			<ymin>31</ymin>
			<ymax>95</ymax>
		</bndbox>
	</object>
	<object>
		<name>no-vest</name>
		<pose>Unspecified</pose>
		<truncated>0</truncated>
		<difficult>0</difficult>
		<occluded>0</occluded>
		<bndbox>
			<xmin>58</xmin>
			<xmax>155</xmax>
			<ymin>32</ymin>
			<ymax>129</ymax>
		</bndbox>
	</object>
	<object>
		<name>person</name>
		<pose>Unspecified</pose>
		<truncated>0</truncated>
		<difficult>0</difficult>
		<occluded>0</occluded>
		<bndbox>
			<xmin>38</xmin>
			<xmax>198</xmax>
			<ymin>30</ymin>
			<ymax>224</ymax>
		</bndbox>
	</object>
</annotation>