<annotation>
	<folder />
	<filename>ppe_0385_jpg.rf.d32a7063d7c1285bb89f8dabfadc1c3e.jpg</filename>
	<path>ppe_0385_jpg.rf.d32a7063d7c1285bb89f8dabfadc1c3e.jpg</path>
	<source>
		<database>roboflow.ai</database>
	</source>
	<size>
		<width>224</width>
		<height>224</height>
		<depth>3</depth>
	</size>
	<segmented>0</segmented>
	<object>
		<name>person</name>
		<pose>Unspecified</pose>
		<truncated>0</truncated>
		<difficult>0</difficult>
		<occluded>0</occluded>
		<bndbox>
			<xmin>49</xmin>
			<xmax>185</xmax>
			<ymin>4</ymin>
			<ymax>221</ymax>
		</bndbox>
	</object>
	<object>
		<name>vest</name>
		<pose>Unspecified</pose>
		<truncated>0</truncated>
		<difficult>0</difficult>
		<occluded>0</occluded>
		<bndbox>
			<xmin>67</xmin>
			<xmax>170</xmax>
			<ymin>59</ymin>
			<ymax>167</ymax>
		</bndbox>
	</object>
	<object>
		<name>helmet</name>
		<pose>Unspecified</pose>
		<truncated>0</truncated>
		<difficult>0</difficult>
		<occluded>0</occluded>
		<bndbox>
			<xmin>89</xmin>
			<xmax>152</xmax>
			<ymin>5</ymin>
			<ymax>38</ymax>
		</bndbox>
	</object>
</annotation>