<annotation>
	<folder />
	<filename>ppe_0022_jpg.rf.af27b20bf838721a49ca6e1a654a7945.jpg</filename>
	<path>ppe_0022_jpg.rf.af27b20bf838721a49ca6e1a654a7945.jpg</path>
	<source>
		<database>roboflow.ai</database>
	</source>
	<size>
		<width>224</width>
		<height>224</height>
		<depth>3</depth>
	</size>
	<segmented>0</segmented>
	<object>
		<name>helmet</name>
		<pose>Unspecified</pose>
		<truncated>0</truncated>
		<difficult>0</difficult>
		<occluded>0</occluded>
		<bndbox>
			<xmin>136</xmin>
			<xmax>169</xmax>
			<ymin>27</ymin>
			<ymax>59</ymax>
		</bndbox>
	</object>
	<object>
		<name>person</name>
		<pose>Unspecified</pose>
		<truncated>0</truncated>
		<difficult>0</difficult>
		<occluded>0</occluded>
		<bndbox>
			<xmin>113</xmin>
			<xmax>193</xmax>
			<ymin>24</ymin>
			<ymax>224</ymax>
		</bndbox>
	</object>
	<object>
		<name>vest</name>
		<pose>Unspecified</pose>
		<truncated>0</truncated>
		<difficult>0</difficult>
		<occluded>0</occluded>
		<bndbox>
			<xmin>122</xmin>
			<xmax>193</xmax>
			<ymin>80</ymin>
			<ymax>196</ymax>
		</bndbox>
	</object>
</annotation>