<annotation>
	<folder />
	<filename>ppe_0486_jpg.rf.0e6f1333f828be26e1882736eb33ed8c.jpg</filename>
	<path>ppe_0486_jpg.rf.0e6f1333f828be26e1882736eb33ed8c.jpg</path>
	<source>
		<database>roboflow.ai</database>
	</source>
	<size>
		<width>224</width>
		<height>224</height>
		<depth>3</depth>
	</size>
	<segmented>0</segmented>
	<object>
		<name>person</name>
		<pose>Unspecified</pose>
		<truncated>0</truncated>
		<difficult>0</difficult>
		<occluded>0</occluded>
		<bndbox>
			<xmin>111</xmin>
			<xmax>219</xmax>
			<ymin>18</ymin>
			<ymax>213</ymax>
		</bndbox>
	</object>
	<object>
		<name>vest</name>
		<pose>Unspecified</pose>
		<truncated>0</truncated>
		<difficult>0</difficult>
		<occluded>0</occluded>
		<bndbox>
			<xmin>128</xmin>
			<xmax>207</xmax>
			<ymin>128</ymin>
			<ymax>220</ymax>
		</bndbox>
	</object>
	<object>
		<name>helmet</name>
		<pose>Unspecified</pose>
		<truncated>0</truncated>
		<difficult>0</difficult>
		<occluded>0</occluded>
		<bndbox>
			<xmin>138</xmin>
			<xmax>192</xmax>
			<ymin>22</ymin>
			<ymax>70</ymax>
		</bndbox>
	</object>
</annotation>