<annotation>
	<folder />
	<filename>ppe_0527_jpg.rf.4725f115ab62fdf53ea886c4f483eb63.jpg</filename>
	<path>ppe_0527_jpg.rf.4725f115ab62fdf53ea886c4f483eb63.jpg</path>
	<source>
		<database>roboflow.ai</database>
	</source>
	<size>
		<width>224</width>
		<height>224</height>
		<depth>3</depth>
	</size>
	<segmented>0</segmented>
	<object>
		<name>helmet</name>
		<pose>Unspecified</pose>
		<truncated>0</truncated>
		<difficult>0</difficult>
		<occluded>0</occluded>
		<bndbox>
			<xmin>91</xmin>
			<xmax>195</xmax>
			<ymin>1</ymin>
			<ymax>67</ymax>
		</bndbox>
	</object>
	<object>
		<name>person</name>
		<pose>Unspecified</pose>
		<truncated>0</truncated>
		<difficult>0</difficult>
		<occluded>0</occluded>
		<bndbox>
			<xmin>92</xmin>
			<xmax>194</xmax>
			<ymin>1</ymin>
			<ymax>224</ymax>
		</bndbox>
	</object>
</annotation>