<annotation>
	<folder />
	<filename>ppe_0125_jpg.rf.b143a8aac09cafb767922e64ec64801c.jpg</filename>
	<path>ppe_0125_jpg.rf.b143a8aac09cafb767922e64ec64801c.jpg</path>
	<source>
		<database>roboflow.ai</database>
	</source>
	<size>
		<width>224</width>
		<height>224</height>
		<depth>3</depth>
	</size>
	<segmented>0</segmented>
	<object>
		<name>helmet</name>
		<pose>Unspecified</pose>
		<truncated>0</truncated>
		<difficult>0</difficult>
		<occluded>0</occluded>
		<bndbox>
			<xmin>99</xmin>
			<xmax>131</xmax>
			<ymin>43</ymin>
			<ymax>82</ymax>
		</bndbox>
	</object>
	<object>
		<name>person</name>
		<pose>Unspecified</pose>
		<truncated>0</truncated>
		<difficult>0</difficult>
		<occluded>0</occluded>
		<bndbox>
			<xmin>70</xmin>
			<xmax>151</xmax>
			<ymin>38</ymin>
			<ymax>221</ymax>
		</bndbox>
	</object>
	<object>
		<name>no-vest</name>
		<pose>Unspecified</pose>
		<truncated>0</truncated>
		<difficult>0</difficult>
		<occluded>0</occluded>
		<bndbox>
			<xmin>75</xmin>
			<xmax>145</xmax>
			<ymin>94</ymin>
			<ymax>218</ymax>
		</bndbox>
	</object>
</annotation>