<annotation>
	<folder />
	<filename>ppe_0177_jpg.rf.d804cbc8a6778e8558020805d837b00b.jpg</filename>
	<path>ppe_0177_jpg.rf.d804cbc8a6778e8558020805d837b00b.jpg</path>
	<source>
		<database>roboflow.ai</database>
	</source>
	<size>
		<width>224</width>
		<height>224</height>
		<depth>3</depth>
	</size>
	<segmented>0</segmented>
	<object>
		<name>helmet</name>
		<pose>Unspecified</pose>
		<truncated>0</truncated>
		<difficult>0</difficult>
		<occluded>0</occluded>
		<bndbox>
			<xmin>146</xmin>
			<xmax>196</xmax>
			<ymin>9</ymin>
			<ymax>60</ymax>
		</bndbox>
	</object>
	<object>
		<name>person</name>
		<pose>Unspecified</pose>
		<truncated>0</truncated>
		<difficult>0</difficult>
		<occluded>0</occluded>
		<bndbox>
			<xmin>127</xmin>
			<xmax>224</xmax>
			<ymin>6</ymin>
			<ymax>224</ymax>
		</bndbox>
	</object>
	<object>
		<name>no-vest</name>
		<pose>Unspecified</pose>
		<truncated>0</truncated>
		<difficult>0</difficult>
		<occluded>0</occluded>
		<bndbox>
			<xmin>135</xmin>
			<xmax>214</xmax>
			<ymin>105</ymin>
			<ymax>221</ymax>
		</bndbox>
	</object>
</annotation>