<annotation>
	<folder />
	<filename>ppe_0110_jpg.rf.db495548067171842116cf1866317b0b.jpg</filename>
	<path>ppe_0110_jpg.rf.db495548067171842116cf1866317b0b.jpg</path>
	<source>
		<database>roboflow.ai</database>
	</source>
	<size>
		<width>224</width>
		<height>224</height>
		<depth>3</depth>
	</size>
	<segmented>0</segmented>
	<object>
		<name>person</name>
		<pose>Unspecified</pose>
		<truncated>0</truncated>
		<difficult>0</difficult>
		<occluded>0</occluded>
		<bndbox>
			<xmin>54</xmin>
			<xmax>187</xmax>
			<ymin>10</ymin>
			<ymax>215</ymax>
		</bndbox>
	</object>
	<object>
		<name>no-vest</name>
		<pose>Unspecified</pose>
		<truncated>0</truncated>
		<difficult>0</difficult>
		<occluded>0</occluded>
		<bndbox>
			<xmin>49</xmin>
			<xmax>187</xmax>
			<ymin>135</ymin>
			<ymax>211</ymax>
		</bndbox>
	</object>
	<object>
		<name>helmet</name>
		<pose>Unspecified</pose>
		<truncated>0</truncated>
		<difficult>0</difficult>
		<occluded>0</occluded>
		<bndbox>
			<xmin>70</xmin>
			<xmax>173</xmax>
			<ymin>13</ymin>
			<ymax>85</ymax>
		</bndbox>
	</object>
</annotation>