<annotation>
	<folder />
	<filename>ppe_0549_jpg.rf.b31c1cfcac95870bfe8b9279356ed04c.jpg</filename>
	<path>ppe_0549_jpg.rf.b31c1cfcac95870bfe8b9279356ed04c.jpg</path>
	<source>
		<database>roboflow.ai</database>
	</source>
	<size>
		<width>224</width>
		<height>224</height>
		<depth>3</depth>
	</size>
	<segmented>0</segmented>
	<object>
		<name>person</name>
		<pose>Unspecified</pose>
		<truncated>0</truncated>
		<difficult>0</difficult>
		<occluded>0</occluded>
		<bndbox>
			<xmin>15</xmin>
			<xmax>215</xmax>
			<ymin>3</ymin>
			<ymax>225</ymax>
		</bndbox>
	</object>
	<object>
		<name>helmet</name>
		<pose>Unspecified</pose>
		<truncated>0</truncated>
		<difficult>0</difficult>
		<occluded>0</occluded>
		<bndbox>
			<xmin>33</xmin>
			<xmax>212</xmax>
			<ymin>5</ymin>
			<ymax>88</ymax>
		</bndbox>
	</object>
</annotation>