<annotation>
	<folder />
	<filename>ppe_0201_jpg.rf.5b59f21c7f8d44b88973606f10d364e9.jpg</filename>
	<path>ppe_0201_jpg.rf.5b59f21c7f8d44b88973606f10d364e9.jpg</path>
	<source>
		<database>roboflow.ai</database>
	</source>
	<size>
		<width>224</width>
		<height>224</height>
		<depth>3</depth>
	</size>
	<segmented>0</segmented>
	<object>
		<name>helmet</name>
		<pose>Unspecified</pose>
		<truncated>0</truncated>
		<difficult>0</difficult>
		<occluded>0</occluded>
		<bndbox>
			<xmin>67</xmin>
			<xmax>109</xmax>
			<ymin>19</ymin>
			<ymax>64</ymax>
		</bndbox>
	</object>
	<object>
		<name>person</name>
		<pose>Unspecified</pose>
		<truncated>0</truncated>
		<difficult>0</difficult>
		<occluded>0</occluded>
		<bndbox>
			<xmin>40</xmin>
			<xmax>134</xmax>
			<ymin>17</ymin>
			<ymax>203</ymax>
		</bndbox>
	</object>
	<object>
		<name>no-vest</name>
		<pose>Unspecified</pose>
		<truncated>0</truncated>
		<difficult>0</difficult>
		<occluded>0</occluded>
		<bndbox>
			<xmin>43</xmin>
			<xmax>132</xmax>
			<ymin>95</ymin>
			<ymax>197</ymax>
		</bndbox>
	</object>
</annotation>