<annotation>
	<folder />
	<filename>ppe_0501_jpg.rf.2f58d6a363af7f7c3e18448d5dd089d2.jpg</filename>
	<path>ppe_0501_jpg.rf.2f58d6a363af7f7c3e18448d5dd089d2.jpg</path>
	<source>
		<database>roboflow.ai</database>
	</source>
	<size>
		<width>224</width>
		<height>224</height>
		<depth>3</depth>
	</size>
	<segmented>0</segmented>
	<object>
		<name>helmet</name>
		<pose>Unspecified</pose>
		<truncated>0</truncated>
		<difficult>0</difficult>
		<occluded>0</occluded>
		<bndbox>
			<xmin>83</xmin>
			<xmax>156</xmax>
			<ymin>13</ymin>
			<ymax>50</ymax>
		</bndbox>
	</object>
	<object>
		<name>person</name>
		<pose>Unspecified</pose>
		<truncated>0</truncated>
		<difficult>0</difficult>
		<occluded>0</occluded>
		<bndbox>
			<xmin>70</xmin>
			<xmax>190</xmax>
			<ymin>10</ymin>
			<ymax>223</ymax>
		</bndbox>
	</object>
	<object>
		<name>vest</name>
		<pose>Unspecified</pose>
		<truncated>0</truncated>
		<difficult>0</difficult>
		<occluded>0</occluded>
		<bndbox>
			<xmin>77</xmin>
			<xmax>178</xmax>
			<ymin>77</ymin>
			<ymax>187</ymax>
		</bndbox>
	</object>
</annotation>