<annotation>
	<folder />
	<filename>ppe_0188_jpg.rf.55e3016d451dd25e304056c6515cfa74.jpg</filename>
	<path>ppe_0188_jpg.rf.55e3016d451dd25e304056c6515cfa74.jpg</path>
	<source>
		<database>roboflow.ai</database>
	</source>
	<size>
		<width>224</width>
		<height>224</height>
		<depth>3</depth>
	</size>
	<segmented>0</segmented>
	<object>
		<name>helmet</name>
		<pose>Unspecified</pose>
		<truncated>0</truncated>
		<difficult>0</difficult>
		<occluded>0</occluded>
		<bndbox>
			<xmin>88</xmin>
			<xmax>134</xmax>
			<ymin>28</ymin>
			<ymax>48</ymax>
		</bndbox>
	</object>
	<object>
		<name>vest</name>
		<pose>Unspecified</pose>
		<truncated>0</truncated>
		<difficult>0</difficult>
		<occluded>0</occluded>
		<bndbox>
			<xmin>74</xmin>
			<xmax>151</xmax>
			<ymin>63</ymin>
			<ymax>148</ymax>
		</bndbox>
	</object>
	<object>
		<name>person</name>
		<pose>Unspecified</pose>
		<truncated>0</truncated>
		<difficult>0</difficult>
		<occluded>0</occluded>
		<bndbox>
			<xmin>66</xmin>
			<xmax>166</xmax>
			<ymin>24</ymin>
			<ymax>218</ymax>
		</bndbox>
	</object>
</annotation>