<annotation>
	<folder />
	<filename>ppe_0127_jpg.rf.cad6b7e9ea2419271008d42a15984368.jpg</filename>
	<path>ppe_0127_jpg.rf.cad6b7e9ea2419271008d42a15984368.jpg</path>
	<source>
		<database>roboflow.ai</database>
	</source>
	<size>
		<width>224</width>
		<height>224</height>
		<depth>3</depth>
	</size>
	<segmented>0</segmented>
	<object>
		<name>helmet</name>
		<pose>Unspecified</pose>
		<truncated>0</truncated>
		<difficult>0</difficult>
		<occluded>0</occluded>
		<bndbox>
			<xmin>106</xmin>
			<xmax>213</xmax>
			<ymin>8</ymin>
			<ymax>85</ymax>
		</bndbox>
	</object>
	<object>
		<name>person</name>
		<pose>Unspecified</pose>
		<truncated>0</truncated>
		<difficult>0</difficult>
		<occluded>0</occluded>
		<bndbox>
			<xmin>108</xmin>
			<xmax>224</xmax>
			<ymin>8</ymin>
			<ymax>200</ymax>
		</bndbox>
	</object>
	<object>
		<name>no-vest</name>
		<pose>Unspecified</pose>
		<truncated>0</truncated>
		<difficult>0</difficult>
		<occluded>0</occluded>
		<bndbox>
			<xmin>77</xmin>
			<xmax>224</xmax>
			<ymin>137</ymin>
			<ymax>193</ymax>
		</bndbox>
	</object>
</annotation>