<annotation>
	<folder />
	<filename>ppe_0288_jpg.rf.072c1109bb57bf29463d1a1e0fd949a2.jpg</filename>
	<path>ppe_0288_jpg.rf.072c1109bb57bf29463d1a1e0fd949a2.jpg</path>
	<source>
		<database>roboflow.ai</database>
	</source>
	<size>
		<width>224</width>
		<height>224</height>
		<depth>3</depth>
	</size>
	<segmented>0</segmented>
	<object>
		<name>person</name>
		<pose>Unspecified</pose>
		<truncated>0</truncated>
		<difficult>0</difficult>
		<occluded>0</occluded>
		<bndbox>
			<xmin>64</xmin>
			<xmax>129</xmax>
			<ymin>15</ymin>
			<ymax>190</ymax>
		</bndbox>
	</object>
	<object>
		<name>vest</name>
		<pose>Unspecified</pose>
		<truncated>0</truncated>
		<difficult>0</difficult>
		<occluded>0</occluded>
		<bndbox>
			<xmin>67</xmin>
			<xmax>131</xmax>
			<ymin>90</ymin>
			<ymax>190</ymax>
		</bndbox>
	</object>
	<object>
		<name>helmet</name>
		<pose>Unspecified</pose>
		<truncated>0</truncated>
		<difficult>0</difficult>
		<occluded>0</occluded>
		<bndbox>
			<xmin>86</xmin>
			<xmax>122</xmax>
			<ymin>18</ymin>
			<ymax>54</ymax>
		</bndbox>
	</object>
</annotation>