<annotation>
	<folder />
	<filename>ppe_0203_jpg.rf.73bc2eb7ad2108720d44d6dcfe957722.jpg</filename>
	<path>ppe_0203_jpg.rf.73bc2eb7ad2108720d44d6dcfe957722.jpg</path>
	<source>
		<database>roboflow.ai</database>
	</source>
	<size>
		<width>224</width>
		<height>224</height>
		<depth>3</depth>
	</size>
	<segmented>0</segmented>
	<object>
		<name>vest</name>
		<pose>Unspecified</pose>
		<truncated>0</truncated>
		<difficult>0</difficult>
		<occluded>0</occluded>
		<bndbox>
			<xmin>109</xmin>
			<xmax>152</xmax>
			<ymin>60</ymin>
			<ymax>135</ymax>
		</bndbox>
	</object>
	<object>
		<name>person</name>
		<pose>Unspecified</pose>
		<truncated>0</truncated>
		<difficult>0</difficult>
		<occluded>0</occluded>
		<bndbox>
			<xmin>85</xmin>
			<xmax>174</xmax>
			<ymin>14</ymin>
			<ymax>196</ymax>
		</bndbox>
	</object>
	<object>
		<name>helmet</name>
		<pose>Unspecified</pose>
		<truncated>0</truncated>
		<difficult>0</difficult>
		<occluded>0</occluded>
		<bndbox>
			<xmin>106</xmin>
			<xmax>137</xmax>
			<ymin>12</ymin>
			<ymax>64</ymax>
		</bndbox>
	</object>
</annotation>