<annotation>
	<folder />
	<filename>ppe_0067_jpg.rf.4c05f30a3e02833451675882223239cf.jpg</filename>
	<path>ppe_0067_jpg.rf.4c05f30a3e02833451675882223239cf.jpg</path>
	<source>
		<database>roboflow.ai</database>
	</source>
	<size>
		<width>224</width>
		<height>224</height>
		<depth>3</depth>
	</size>
	<segmented>0</segmented>
	<object>
		<name>person</name>
		<pose>Unspecified</pose>
		<truncated>0</truncated>
		<difficult>0</difficult>
		<occluded>0</occluded>
		<bndbox>
			<xmin>3</xmin>
			<xmax>205</xmax>
			<ymin>2</ymin>
			<ymax>215</ymax>
		</bndbox>
	</object>
	<object>
		<name>helmet</name>
		<pose>Unspecified</pose>
		<truncated>0</truncated>
		<difficult>0</difficult>
		<occluded>0</occluded>
		<bndbox>
			<xmin>5</xmin>
			<xmax>220</xmax>
			<ymin>0</ymin>
			<ymax>71</ymax>
		</bndbox>
	</object>
</annotation>