<annotation>
	<folder />
	<filename>ppe_0219_jpg.rf.d9fdf29f92994c57ad7f8b9a67e6f1e0.jpg</filename>
	<path>ppe_0219_jpg.rf.d9fdf29f92994c57ad7f8b9a67e6f1e0.jpg</path>
	<source>
		<database>roboflow.ai</database>
	</source>
	<size>
		<width>224</width>
		<height>224</height>
		<depth>3</depth>
	</size>
	<segmented>0</segmented>
	<object>
		<name>vest</name>
		<pose>Unspecified</pose>
		<truncated>0</truncated>
		<difficult>0</difficult>
		<occluded>0</occluded>
		<bndbox>
			<xmin>57</xmin>
			<xmax>166</xmax>
			<ymin>39</ymin>
			<ymax>115</ymax>
		</bndbox>
	</object>
	<object>
		<name>person</name>
		<pose>Unspecified</pose>
		<truncated>0</truncated>
		<difficult>0</difficult>
		<occluded>0</occluded>
		<bndbox>
			<xmin>40</xmin>
			<xmax>209</xmax>
			<ymin>10</ymin>
			<ymax>204</ymax>
		</bndbox>
	</object>
	<object>
		<name>helmet</name>
		<pose>Unspecified</pose>
		<truncated>0</truncated>
		<difficult>0</difficult>
		<occluded>0</occluded>
		<bndbox>
			<xmin>81</xmin>
			<xmax>135</xmax>
			<ymin>11</ymin>
			<ymax>28</ymax>
		</bndbox>
	</object>
</annotation>