<annotation>
	<folder />
	<filename>ppe_0525_jpg.rf.c2062d84aefb76016bd02ce530cfc57e.jpg</filename>
	<path>ppe_0525_jpg.rf.c2062d84aefb76016bd02ce530cfc57e.jpg</path>
	<source>
		<database>roboflow.ai</database>
	</source>
	<size>
		<width>224</width>
		<height>224</height>
		<depth>3</depth>
	</size>
	<segmented>0</segmented>
	<object>
		<name>vest</name>
		<pose>Unspecified</pose>
		<truncated>0</truncated>
		<difficult>0</difficult>
		<occluded>0</occluded>
		<bndbox>
			<xmin>29</xmin>
			<xmax>66</xmax>
			<ymin>59</ymin>
			<ymax>143</ymax>
		</bndbox>
	</object>
	<object>
		<name>person</name>
		<pose>Unspecified</pose>
		<truncated>0</truncated>
		<difficult>0</difficult>
		<occluded>0</occluded>
		<bndbox>
			<xmin>27</xmin>
			<xmax>68</xmax>
			<ymin>18</ymin>
			<ymax>210</ymax>
		</bndbox>
	</object>
	<object>
		<name>helmet</name>
		<pose>Unspecified</pose>
		<truncated>0</truncated>
		<difficult>0</difficult>
		<occluded>0</occluded>
		<bndbox>
			<xmin>36</xmin>
			<xmax>59</xmax>
			<ymin>20</ymin>
			<ymax>39</ymax>
		</bndbox>
	</object>
</annotation>