<annotation>
	<folder />
	<filename>ppe_0262_jpg.rf.6215e6c0c90e2930bf55ea78f697bf2f.jpg</filename>
	<path>ppe_0262_jpg.rf.6215e6c0c90e2930bf55ea78f697bf2f.jpg</path>
	<source>
		<database>roboflow.ai</database>
	</source>
	<size>
		<width>224</width>
		<height>224</height>
		<depth>3</depth>
	</size>
	<segmented>0</segmented>
	<object>
		<name>helmet</name>
		<pose>Unspecified</pose>
		<truncated>0</truncated>
		<difficult>0</difficult>
		<occluded>0</occluded>
		<bndbox>
			<xmin>56</xmin>
			<xmax>108</xmax>
			<ymin>8</ymin>
			<ymax>53</ymax>
		</bndbox>
	</object>
	<object>
		<name>person</name>
		<pose>Unspecified</pose>
		<truncated>0</truncated>
		<difficult>0</difficult>
		<occluded>0</occluded>
		<bndbox>
			<xmin>26</xmin>
			<xmax>130</xmax>
			<ymin>7</ymin>
			<ymax>224</ymax>
		</bndbox>
	</object>
	<object>
		<name>vest</name>
		<pose>Unspecified</pose>
		<truncated>0</truncated>
		<difficult>0</difficult>
		<occluded>0</occluded>
		<bndbox>
			<xmin>27</xmin>
			<xmax>142</xmax>
			<ymin>96</ymin>
			<ymax>224</ymax>
		</bndbox>
	</object>
</annotation>