<annotation>
	<folder />
	<filename>ppe_0474_jpg.rf.96dbbc1cb0b791e7acf0ed8e135c4d8c.jpg</filename>
	<path>ppe_0474_jpg.rf.96dbbc1cb0b791e7acf0ed8e135c4d8c.jpg</path>
	<source>
		<database>roboflow.ai</database>
	</source>
	<size>
		<width>224</width>
		<height>224</height>
		<depth>3</depth>
	</size>
	<segmented>0</segmented>
	<object>
		<name>helmet</name>
		<pose>Unspecified</pose>
		<truncated>0</truncated>
		<difficult>0</difficult>
		<occluded>0</occluded>
		<bndbox>
			<xmin>34</xmin>
			<xmax>75</xmax>
			<ymin>16</ymin>
			<ymax>67</ymax>
		</bndbox>
	</object>
	<object>
		<name>no-vest</name>
		<pose>Unspecified</pose>
		<truncated>0</truncated>
		<difficult>0</difficult>
		<occluded>0</occluded>
		<bndbox>
			<xmin>83</xmin>
			<xmax>147</xmax>
			<ymin>31</ymin>
			<ymax>109</ymax>
		</bndbox>
	</object>
	<object>
		<name>person</name>
		<pose>Unspecified</pose>
		<truncated>0</truncated>
		<difficult>0</difficult>
		<occluded>0</occluded>
		<bndbox>
			<xmin>37</xmin>
			<xmax>159</xmax>
			<ymin>14</ymin>
			<ymax>173</ymax>
		</bndbox>
	</object>
</annotation>