<annotation>
	<folder />
	<filename>ppe_0491_jpg.rf.d473d7e07b7714297ca1b286d91bd5ba.jpg</filename>
	<path>ppe_0491_jpg.rf.d473d7e07b7714297ca1b286d91bd5ba.jpg</path>
	<source>
		<database>roboflow.ai</database>
	</source>
	<size>
		<width>224</width>
		<height>224</height>
		<depth>3</depth>
	</size>
	<segmented>0</segmented>
	<object>
		<name>person</name>
		<pose>Unspecified</pose>
		<truncated>0</truncated>
		<difficult>0</difficult>
		<occluded>0</occluded>
		<bndbox>
			<xmin>80</xmin>
			<xmax>133</xmax>
			<ymin>52</ymin>
			<ymax>208</ymax>
		</bndbox>
	</object>
	<object>
		<name>no-vest</name>
		<pose>Unspecified</pose>
		<truncated>0</truncated>
		<difficult>0</difficult>
		<occluded>0</occluded>
		<bndbox>
			<xmin>81</xmin>
			<xmax>134</xmax>
			<ymin>112</ymin>
			<ymax>199</ymax>
		</bndbox>
	</object>
	<object>
		<name>helmet</name>
		<pose>Unspecified</pose>
		<truncated>0</truncated>
		<difficult>0</difficult>
		<occluded>0</occluded>
		<bndbox>
			<xmin>83</xmin>
			<xmax>113</xmax>
			<ymin>55</ymin>
			<ymax>90</ymax>
		</bndbox>
	</object>
</annotation>