<annotation>
	<folder />
	<filename>ppe_0311_jpg.rf.ad3b7504ff6f77dcba441433f8e378bf.jpg</filename>
	<path>ppe_0311_jpg.rf.ad3b7504ff6f77dcba441433f8e378bf.jpg</path>
	<source>
		<database>roboflow.ai</database>
	</source>
	<size>
		<width>224</width>
		<height>224</height>
		<depth>3</depth>
	</size>
	<segmented>0</segmented>
	<object>
		<name>helmet</name>
		<pose>Unspecified</pose>
		<truncated>0</truncated>
		<difficult>0</difficult>
		<occluded>0</occluded>
		<bndbox>
			<xmin>113</xmin>
			<xmax>157</xmax>
			<ymin>10</ymin>
			<ymax>29</ymax>
		</bndbox>
	</object>
	<object>
		<name>vest</name>
		<pose>Unspecified</pose>
		<truncated>0</truncated>
		<difficult>0</difficult>
		<occluded>0</occluded>
		<bndbox>
			<xmin>102</xmin>
			<xmax>169</xmax>
			<ymin>45</ymin>
			<ymax>120</ymax>
		</bndbox>
	</object>
	<object>
		<name>person</name>
		<pose>Unspecified</pose>
		<truncated>0</truncated>
		<difficult>0</difficult>
		<occluded>0</occluded>
		<bndbox>
			<xmin>80</xmin>
			<xmax>187</xmax>
			<ymin>11</ymin>
			<ymax>224</ymax>
		</bndbox>
	</object>
</annotation>