<annotation>
	<folder />
	<filename>ppe_0293_jpg.rf.d8d642a2cca006a6f29cbbce67081fdb.jpg</filename>
	<path>ppe_0293_jpg.rf.d8d642a2cca006a6f29cbbce67081fdb.jpg</path>
	<source>
		<database>roboflow.ai</database>
	</source>
	<size>
		<width>224</width>
		<height>224</height>
		<depth>3</depth>
	</size>
	<segmented>0</segmented>
	<object>
		<name>no-vest</name>
		<pose>Unspecified</pose>
		<truncated>0</truncated>
		<difficult>0</difficult>
		<occluded>0</occluded>
		<bndbox>
			<xmin>134</xmin>
			<xmax>206</xmax>
			<ymin>46</ymin>
			<ymax>112</ymax>
		</bndbox>
	</object>
	<object>
		<name>person</name>
		<pose>Unspecified</pose>
		<truncated>0</truncated>
		<difficult>0</difficult>
		<occluded>0</occluded>
		<bndbox>
			<xmin>122</xmin>
			<xmax>204</xmax>
			<ymin>12</ymin>
			<ymax>191</ymax>
		</bndbox>
	</object>
	<object>
		<name>helmet</name>
		<pose>Unspecified</pose>
		<truncated>0</truncated>
		<difficult>0</difficult>
		<occluded>0</occluded>
		<bndbox>
			<xmin>144</xmin>
			<xmax>188</xmax>
			<ymin>12</ymin>
			<ymax>35</ymax>
		</bndbox>
	</object>
</annotation>