<annotation>
	<folder />
	<filename>ppe_0123_jpg.rf.5d061be7ef0cfe23cff8e691def41a86.jpg</filename>
	<path>ppe_0123_jpg.rf.5d061be7ef0cfe23cff8e691def41a86.jpg</path>
	<source>
		<database>roboflow.ai</database>
	</source>
	<size>
		<width>224</width>
		<height>224</height>
		<depth>3</depth>
	</size>
	<segmented>0</segmented>
	<object>
		<name>helmet</name>
		<pose>Unspecified</pose>
		<truncated>0</truncated>
		<difficult>0</difficult>
		<occluded>0</occluded>
		<bndbox>
			<xmin>175</xmin>
			<xmax>220</xmax>
			<ymin>47</ymin>
			<ymax>89</ymax>
		</bndbox>
	</object>
	<object>
		<name>person</name>
		<pose>Unspecified</pose>
		<truncated>0</truncated>
		<difficult>0</difficult>
		<occluded>0</occluded>
		<bndbox>
			<xmin>162</xmin>
			<xmax>224</xmax>
			<ymin>46</ymin>
			<ymax>224</ymax>
		</bndbox>
	</object>
	<object>
		<name>no-vest</name>
		<pose>Unspecified</pose>
		<truncated>0</truncated>
		<difficult>0</difficult>
		<occluded>0</occluded>
		<bndbox>
			<xmin>169</xmin>
			<xmax>215</xmax>
			<ymin>111</ymin>
			<ymax>221</ymax>
		</bndbox>
	</object>
</annotation>