<annotation>
	<folder />
	<filename>ppe_0074_jpg.rf.c1f8257e71cd7e19f5d865796f54fb97.jpg</filename>
	<path>ppe_0074_jpg.rf.c1f8257e71cd7e19f5d865796f54fb97.jpg</path>
	<source>
		<database>roboflow.ai</database>
	</source>
	<size>
		<width>224</width>
		<height>224</height>
		<depth>3</depth>
	</size>
	<segmented>0</segmented>
	<object>
		<name>helmet</name>
		<pose>Unspecified</pose>
		<truncated>0</truncated>
		<difficult>0</difficult>
		<occluded>0</occluded>
		<bndbox>
			<xmin>68</xmin>
			<xmax>101</xmax>
			<ymin>116</ymin>
			<ymax>148</ymax>
		</bndbox>
	</object>
	<object>
		<name>person</name>
		<pose>Unspecified</pose>
		<truncated>0</truncated>
		<difficult>0</difficult>
		<occluded>0</occluded>
		<bndbox>
			<xmin>51</xmin>
			<xmax>119</xmax>
			<ymin>115</ymin>
			<ymax>215</ymax>
		</bndbox>
	</object>
	<object>
		<name>no-vest</name>
		<pose>Unspecified</pose>
		<truncated>0</truncated>
		<difficult>0</difficult>
		<occluded>0</occluded>
		<bndbox>
			<xmin>55</xmin>
			<xmax>117</xmax>
			<ymin>161</ymin>
			<ymax>210</ymax>
		</bndbox>
	</object>
</annotation>