<annotation>
	<folder />
	<filename>ppe_0304_jpg.rf.1e5186f1c7d32ce2de78e3506c35684a.jpg</filename>
	<path>ppe_0304_jpg.rf.1e5186f1c7d32ce2de78e3506c35684a.jpg</path>
	<source>
		<database>roboflow.ai</database>
	</source>
	<size>
		<width>224</width>
		<height>224</height>
		<depth>3</depth>
	</size>
	<segmented>0</segmented>
	<object>
		<name>person</name>
		<pose>Unspecified</pose>
		<truncated>0</truncated>
		<difficult>0</difficult>
		<occluded>0</occluded>
		<bndbox>
			<xmin>149</xmin>
			<xmax>223</xmax>
			<ymin>35</ymin>
			<ymax>225</ymax>
		</bndbox>
	</object>
	<object>
		<name>no-vest</name>
		<pose>Unspecified</pose>
		<truncated>0</truncated>
		<difficult>0</difficult>
		<occluded>0</occluded>
		<bndbox>
			<xmin>147</xmin>
			<xmax>224</xmax>
			<ymin>107</ymin>
			<ymax>225</ymax>
		</bndbox>
	</object>
	<object>
		<name>helmet</name>
		<pose>Unspecified</pose>
		<truncated>0</truncated>
		<difficult>0</difficult>
		<occluded>0</occluded>
		<bndbox>
			<xmin>155</xmin>
			<xmax>216</xmax>
			<ymin>37</ymin>
			<ymax>76</ymax>
		</bndbox>
	</object>
</annotation>