<annotation>
	<folder />
	<filename>ppe_0519_jpg.rf.4513ebbb076b6252e71b10183d7e0e6e.jpg</filename>
	<path>ppe_0519_jpg.rf.4513ebbb076b6252e71b10183d7e0e6e.jpg</path>
	<source>
		<database>roboflow.ai</database>
	</source>
	<size>
		<width>224</width>
		<height>224</height>
		<depth>3</depth>
	</size>
	<segmented>0</segmented>
	<object>
		<name>helmet</name>
		<pose>Unspecified</pose>
		<truncated>0</truncated>
		<difficult>0</difficult>
		<occluded>0</occluded>
		<bndbox>
			<xmin>126</xmin>
			<xmax>159</xmax>
			<ymin>50</ymin>
			<ymax>86</ymax>
		</bndbox>
	</object>
	<object>
		<name>person</name>
		<pose>Unspecified</pose>
		<truncated>0</truncated>
		<difficult>0</difficult>
		<occluded>0</occluded>
		<bndbox>
			<xmin>122</xmin>
			<xmax>171</xmax>
			<ymin>50</ymin>
			<ymax>223</ymax>
		</bndbox>
	</object>
	<object>
		<name>no-vest</name>
		<pose>Unspecified</pose>
		<truncated>0</truncated>
		<difficult>0</difficult>
		<occluded>0</occluded>
		<bndbox>
			<xmin>125</xmin>
			<xmax>171</xmax>
			<ymin>92</ymin>
			<ymax>187</ymax>
		</bndbox>
	</object>
</annotation>