<annotation>
	<folder />
	<filename>ppe_0401_jpg.rf.c62c3fb9606266552cd1051c5a2ca2ca.jpg</filename>
	<path>ppe_0401_jpg.rf.c62c3fb9606266552cd1051c5a2ca2ca.jpg</path>
	<source>
		<database>roboflow.ai</database>
	</source>
	<size>
		<width>224</width>
		<height>224</height>
		<depth>3</depth>
	</size>
	<segmented>0</segmented>
	<object>
		<name>helmet</name>
		<pose>Unspecified</pose>
		<truncated>0</truncated>
		<difficult>0</difficult>
		<occluded>0</occluded>
		<bndbox>
			<xmin>69</xmin>
			<xmax>146</xmax>
			<ymin>54</ymin>
			<ymax>93</ymax>
		</bndbox>
	</object>
	<object>
		<name>person</name>
		<pose>Unspecified</pose>
		<truncated>0</truncated>
		<difficult>0</difficult>
		<occluded>0</occluded>
		<bndbox>
			<xmin>22</xmin>
			<xmax>182</xmax>
			<ymin>54</ymin>
			<ymax>224</ymax>
		</bndbox>
	</object>
	<object>
		<name>no-vest</name>
		<pose>Unspecified</pose>
		<truncated>0</truncated>
		<difficult>0</difficult>
		<occluded>0</occluded>
		<bndbox>
			<xmin>25</xmin>
			<xmax>178</xmax>
			<ymin>127</ymin>
			<ymax>224</ymax>
		</bndbox>
	</object>
</annotation>