<annotation>
	<folder />
	<filename>ppe_0588_jpg.rf.528d032bb29c5f02231733d1143515bd.jpg</filename>
	<path>ppe_0588_jpg.rf.528d032bb29c5f02231733d1143515bd.jpg</path>
	<source>
		<database>roboflow.ai</database>
	</source>
	<size>
		<width>224</width>
		<height>224</height>
		<depth>3</depth>
	</size>
	<segmented>0</segmented>
	<object>
		<name>person</name>
		<pose>Unspecified</pose>
		<truncated>0</truncated>
		<difficult>0</difficult>
		<occluded>0</occluded>
		<bndbox>
			<xmin>133</xmin>
			<xmax>216</xmax>
			<ymin>8</ymin>
			<ymax>224</ymax>
		</bndbox>
	</object>
	<object>
		<name>vest</name>
		<pose>Unspecified</pose>
		<truncated>0</truncated>
		<difficult>0</difficult>
		<occluded>0</occluded>
		<bndbox>
			<xmin>146</xmin>
			<xmax>207</xmax>
			<ymin>69</ymin>
			<ymax>203</ymax>
		</bndbox>
	</object>
	<object>
		<name>helmet</name>
		<pose>Unspecified</pose>
		<truncated>0</truncated>
		<difficult>0</difficult>
		<occluded>0</occluded>
		<bndbox>
			<xmin>136</xmin>
			<xmax>169</xmax>
			<ymin>9</ymin>
			<ymax>47</ymax>
		</bndbox>
	</object>
</annotation>