<annotation>
	<folder />
	<filename>ppe_0121_jpg.rf.059833e695e787beb35e6c65ed3a508f.jpg</filename>
	<path>ppe_0121_jpg.rf.059833e695e787beb35e6c65ed3a508f.jpg</path>
	<source>
		<database>roboflow.ai</database>
	</source>
	<size>
		<width>224</width>
		<height>224</height>
		<depth>3</depth>
	</size>
	<segmented>0</segmented>
	<object>
		<name>helmet</name>
		<pose>Unspecified</pose>
		<truncated>0</truncated>
		<difficult>0</difficult>
		<occluded>0</occluded>
		<bndbox>
			<xmin>167</xmin>
			<xmax>207</xmax>
			<ymin>13</ymin>
			<ymax>56</ymax>
		</bndbox>
	</object>
	<object>
		<name>person</name>
		<pose>Unspecified</pose>
		<truncated>0</truncated>
		<difficult>0</difficult>
		<occluded>0</occluded>
		<bndbox>
			<xmin>45</xmin>
			<xmax>214</xmax>
			<ymin>10</ymin>
			<ymax>217</ymax>
		</bndbox>
	</object>
	<object>
		<name>vest</name>
		<pose>Unspecified</pose>
		<truncated>0</truncated>
		<difficult>0</difficult>
		<occluded>0</occluded>
		<bndbox>
			<xmin>156</xmin>
			<xmax>207</xmax>
			<ymin>68</ymin>
			<ymax>173</ymax>
		</bndbox>
	</object>
</annotation>