<annotation>
	<folder />
	<filename>ppe_0096_jpg.rf.e36a0ed11050585a831ec36fc697dbf3.jpg</filename>
	<path>ppe_0096_jpg.rf.e36a0ed11050585a831ec36fc697dbf3.jpg</path>
	<source>
		<database>roboflow.ai</database>
	</source>
	<size>
		<width>224</width>
		<height>224</height>
		<depth>3</depth>
	</size>
	<segmented>0</segmented>
	<object>
		<name>helmet</name>
		<pose>Unspecified</pose>
		<truncated>0</truncated>
		<difficult>0</difficult>
		<occluded>0</occluded>
		<bndbox>
			<xmin>102</xmin>
			<xmax>148</xmax>
			<ymin>8</ymin>
			<ymax>29</ymax>
		</bndbox>
	</object>
	<object>
		<name>no-vest</name>
		<pose>Unspecified</pose>
		<truncated>0</truncated>
		<difficult>0</difficult>
		<occluded>0</occluded>
		<bndbox>
			<xmin>70</xmin>
			<xmax>148</xmax>
			<ymin>42</ymin>
			<ymax>103</ymax>
		</bndbox>
	</object>
	<object>
		<name>person</name>
		<pose>Unspecified</pose>
		<truncated>0</truncated>
		<difficult>0</difficult>
		<occluded>0</occluded>
		<bndbox>
			<xmin>58</xmin>
			<xmax>160</xmax>
			<ymin>8</ymin>
			<ymax>215</ymax>
		</bndbox>
	</object>
</annotation>