<annotation>
	<folder />
	<filename>ppe_0236_jpg.rf.42272e07ec23b4cc761196deafa265b0.jpg</filename>
	<path>ppe_0236_jpg.rf.42272e07ec23b4cc761196deafa265b0.jpg</path>
	<source>
		<database>roboflow.ai</database>
	</source>
	<size>
		<width>224</width>
		<height>224</height>
		<depth>3</depth>
	</size>
	<segmented>0</segmented>
	<object>
		<name>helmet</name>
		<pose>Unspecified</pose>
		<truncated>0</truncated>
		<difficult>0</difficult>
		<occluded>0</occluded>
		<bndbox>
			<xmin>37</xmin>
			<xmax>185</xmax>
			<ymin>39</ymin>
			<ymax>129</ymax>
		</bndbox>
	</object>
	<object>
		<name>person</name>
		<pose>Unspecified</pose>
		<truncated>0</truncated>
		<difficult>0</difficult>
		<occluded>0</occluded>
		<bndbox>
			<xmin>34</xmin>
			<xmax>187</xmax>
			<ymin>43</ymin>
			<ymax>222</ymax>
		</bndbox>
	</object>
</annotation>