<annotation>
	<folder />
	<filename>ppe_0489_jpg.rf.841f1b81a4ee6ada56515d45fb309c8f.jpg</filename>
	<path>ppe_0489_jpg.rf.841f1b81a4ee6ada56515d45fb309c8f.jpg</path>
	<source>
		<database>roboflow.ai</database>
	</source>
	<size>
		<width>224</width>
		<height>224</height>
		<depth>3</depth>
	</size>
	<segmented>0</segmented>
	<object>
		<name>helmet</name>
		<pose>Unspecified</pose>
		<truncated>0</truncated>
		<difficult>0</difficult>
		<occluded>0</occluded>
		<bndbox>
			<xmin>106</xmin>
			<xmax>119</xmax>
			<ymin>80</ymin>
			<ymax>99</ymax>
		</bndbox>
	</object>
	<object>
		<name>vest</name>
		<pose>Unspecified</pose>
		<truncated>0</truncated>
		<difficult>0</difficult>
		<occluded>0</occluded>
		<bndbox>
			<xmin>104</xmin>
			<xmax>134</xmax>
			<ymin>101</ymin>
			<ymax>156</ymax>
		</bndbox>
	</object>
	<object>
		<name>person</name>
		<pose>Unspecified</pose>
		<truncated>0</truncated>
		<difficult>0</difficult>
		<occluded>0</occluded>
		<bndbox>
			<xmin>101</xmin>
			<xmax>135</xmax>
			<ymin>82</ymin>
			<ymax>214</ymax>
		</bndbox>
	</object>
</annotation>