<annotation>
	<folder />
	<filename>ppe_0208_jpg.rf.46dc23f0edec1b46e42fca64437d28cf.jpg</filename>
	<path>ppe_0208_jpg.rf.46dc23f0edec1b46e42fca64437d28cf.jpg</path>
	<source>
		<database>roboflow.ai</database>
	</source>
	<size>
		<width>224</width>
		<height>224</height>
		<depth>3</depth>
	</size>
	<segmented>0</segmented>
	<object>
		<name>helmet</name>
		<pose>Unspecified</pose>
		<truncated>0</truncated>
		<difficult>0</difficult>
		<occluded>0</occluded>
		<bndbox>
			<xmin>146</xmin>
			<xmax>177</xmax>
			<ymin>96</ymin>
			<ymax>144</ymax>
		</bndbox>
	</object>
	<object>
		<name>person</name>
		<pose>Unspecified</pose>
		<truncated>0</truncated>
		<difficult>0</difficult>
		<occluded>0</occluded>
		<bndbox>
			<xmin>113</xmin>
			<xmax>195</xmax>
			<ymin>92</ymin>
			<ymax>225</ymax>
		</bndbox>
	</object>
	<object>
		<name>no-vest</name>
		<pose>Unspecified</pose>
		<truncated>0</truncated>
		<difficult>0</difficult>
		<occluded>0</occluded>
		<bndbox>
			<xmin>125</xmin>
			<xmax>194</xmax>
			<ymin>156</ymin>
			<ymax>225</ymax>
		</bndbox>
	</object>
</annotation>