<annotation>
	<folder />
	<filename>ppe_0051_jpg.rf.75ebff13e6ad7387f712192ef4d87f7a.jpg</filename>
	<path>ppe_0051_jpg.rf.75ebff13e6ad7387f712192ef4d87f7a.jpg</path>
	<source>
		<database>roboflow.ai</database>
	</source>
	<size>
		<width>224</width>
		<height>224</height>
		<depth>3</depth>
	</size>
	<segmented>0</segmented>
	<object>
		<name>helmet</name>
		<pose>Unspecified</pose>
		<truncated>0</truncated>
		<difficult>0</difficult>
		<occluded>0</occluded>
		<bndbox>
			<xmin>114</xmin>
			<xmax>128</xmax>
			<ymin>37</ymin>
			<ymax>54</ymax>
		</bndbox>
	</object>
	<object>
		<name>vest</name>
		<pose>Unspecified</pose>
		<truncated>0</truncated>
		<difficult>0</difficult>
		<occluded>0</occluded>
		<bndbox>
			<xmin>103</xmin>
			<xmax>133</xmax>
			<ymin>63</ymin>
			<ymax>125</ymax>
		</bndbox>
	</object>
	<object>
		<name>person</name>
		<pose>Unspecified</pose>
		<truncated>0</truncated>
		<difficult>0</difficult>
		<occluded>0</occluded>
		<bndbox>
			<xmin>103</xmin>
			<xmax>141</xmax>
			<ymin>38</ymin>
			<ymax>219</ymax>
		</bndbox>
	</object>
</annotation>