<annotation>
	<folder />
	<filename>ppe_0283_jpg.rf.7159d271e99ab30dc4c36f1929af3283.jpg</filename>
	<path>ppe_0283_jpg.rf.7159d271e99ab30dc4c36f1929af3283.jpg</path>
	<source>
		<database>roboflow.ai</database>
	</source>
	<size>
		<width>224</width>
		<height>224</height>
		<depth>3</depth>
	</size>
	<segmented>0</segmented>
	<object>
		<name>helmet</name>
		<pose>Unspecified</pose>
		<truncated>0</truncated>
		<difficult>0</difficult>
		<occluded>0</occluded>
		<bndbox>
			<xmin>71</xmin>
			<xmax>124</xmax>
			<ymin>50</ymin>
			<ymax>110</ymax>
		</bndbox>
	</object>
	<object>
		<name>person</name>
		<pose>Unspecified</pose>
		<truncated>0</truncated>
		<difficult>0</difficult>
		<occluded>0</occluded>
		<bndbox>
			<xmin>70</xmin>
			<xmax>135</xmax>
			<ymin>50</ymin>
			<ymax>224</ymax>
		</bndbox>
	</object>
	<object>
		<name>vest</name>
		<pose>Unspecified</pose>
		<truncated>0</truncated>
		<difficult>0</difficult>
		<occluded>0</occluded>
		<bndbox>
			<xmin>69</xmin>
			<xmax>144</xmax>
			<ymin>150</ymin>
			<ymax>224</ymax>
		</bndbox>
	</object>
</annotation>