<annotation>
	<folder />
	<filename>ppe_0143_jpg.rf.a0ff7c611a5ba9a4c07ed24fe15d8de7.jpg</filename>
	<path>ppe_0143_jpg.rf.a0ff7c611a5ba9a4c07ed24fe15d8de7.jpg</path>
	<source>
		<database>roboflow.ai</database>
	</source>
	<size>
		<width>224</width>
		<height>224</height>
		<depth>3</depth>
	</size>
	<segmented>0</segmented>
	<object>
		<name>helmet</name>
		<pose>Unspecified</pose>
		<truncated>0</truncated>
		<difficult>0</difficult>
		<occluded>0</occluded>
		<bndbox>
			<xmin>67</xmin>
			<xmax>111</xmax>
			<ymin>8</ymin>
			<ymax>44</ymax>
		</bndbox>
	</object>
	<object>
		<name>person</name>
		<pose>Unspecified</pose>
		<truncated>0</truncated>
		<difficult>0</difficult>
		<occluded>0</occluded>
		<bndbox>
			<xmin>38</xmin>
			<xmax>153</xmax>
			<ymin>6</ymin>
			<ymax>193</ymax>
		</bndbox>
	</object>
	<object>
		<name>vest</name>
		<pose>Unspecified</pose>
		<truncated>0</truncated>
		<difficult>0</difficult>
		<occluded>0</occluded>
		<bndbox>
			<xmin>52</xmin>
			<xmax>137</xmax>
			<ymin>65</ymin>
			<ymax>199</ymax>
		</bndbox>
	</object>
</annotation>