<annotation>
	<folder />
	<filename>ppe_0081_jpg.rf.284aad3321c0c70175446ba9c5b16657.jpg</filename>
	<path>ppe_0081_jpg.rf.284aad3321c0c70175446ba9c5b16657.jpg</path>
	<source>
		<database>roboflow.ai</database>
	</source>
	<size>
		<width>224</width>
		<height>224</height>
		<depth>3</depth>
	</size>
	<segmented>0</segmented>
	<object>
		<name>person</name>
		<pose>Unspecified</pose>
		<truncated>0</truncated>
		<difficult>0</difficult>
		<occluded>0</occluded>
		<bndbox>
			<xmin>55</xmin>
			<xmax>98</xmax>
			<ymin>2</ymin>
			<ymax>217</ymax>
		</bndbox>
	</object>
	<object>
		<name>helmet</name>
		<pose>Unspecified</pose>
		<truncated>0</truncated>
		<difficult>0</difficult>
		<occluded>0</occluded>
		<bndbox>
			<xmin>57</xmin>
			<xmax>71</xmax>
			<ymin>4</ymin>
			<ymax>30</ymax>
		</bndbox>
	</object>
	<object>
		<name>vest</name>
		<pose>Unspecified</pose>
		<truncated>0</truncated>
		<difficult>0</difficult>
		<occluded>0</occluded>
		<bndbox>
			<xmin>57</xmin>
			<xmax>92</xmax>
			<ymin>33</ymin>
			<ymax>114</ymax>
		</bndbox>
	</object>
</annotation>