<annotation>
	<folder />
	<filename>ppe_0476_jpg.rf.1734924e948444cbc7e7b73daf898409.jpg</filename>
	<path>ppe_0476_jpg.rf.1734924e948444cbc7e7b73daf898409.jpg</path>
	<source>
		<database>roboflow.ai</database>
	</source>
	<size>
		<width>224</width>
		<height>224</height>
		<depth>3</depth>
	</size>
	<segmented>0</segmented>
	<object>
		<name>vest</name>
		<pose>Unspecified</pose>
		<truncated>0</truncated>
		<difficult>0</difficult>
		<occluded>0</occluded>
		<bndbox>
			<xmin>69</xmin>
			<xmax>114</xmax>
			<ymin>18</ymin>
			<ymax>115</ymax>
		</bndbox>
	</object>
	<object>
		<name>person</name>
		<pose>Unspecified</pose>
		<truncated>0</truncated>
		<difficult>0</difficult>
		<occluded>0</occluded>
		<bndbox>
			<xmin>45</xmin>
			<xmax>128</xmax>
			<ymin>2</ymin>
			<ymax>201</ymax>
		</bndbox>
	</object>
	<object>
		<name>helmet</name>
		<pose>Unspecified</pose>
		<truncated>0</truncated>
		<difficult>0</difficult>
		<occluded>0</occluded>
		<bndbox>
			<xmin>103</xmin>
			<xmax>128</xmax>
			<ymin>5</ymin>
			<ymax>50</ymax>
		</bndbox>
	</object>
</annotation>