<annotation>
	<folder />
	<filename>ppe_0108_jpg.rf.98a6136e18952ecbd38a67075841a3da.jpg</filename>
	<path>ppe_0108_jpg.rf.98a6136e18952ecbd38a67075841a3da.jpg</path>
	<source>
		<database>roboflow.ai</database>
	</source>
	<size>
		<width>224</width>
		<height>224</height>
		<depth>3</depth>
	</size>
	<segmented>0</segmented>
	<object>
		<name>helmet</name>
		<pose>Unspecified</pose>
		<truncated>0</truncated>
		<difficult>0</difficult>
		<occluded>0</occluded>
		<bndbox>
			<xmin>92</xmin>
			<xmax>166</xmax>
			<ymin>26</ymin>
			<ymax>58</ymax>
		</bndbox>
	</object>
	<object>
		<name>person</name>
		<pose>Unspecified</pose>
		<truncated>0</truncated>
		<difficult>0</difficult>
		<occluded>0</occluded>
		<bndbox>
			<xmin>43</xmin>
			<xmax>188</xmax>
			<ymin>27</ymin>
			<ymax>222</ymax>
		</bndbox>
	</object>
	<object>
		<name>vest</name>
		<pose>Unspecified</pose>
		<truncated>0</truncated>
		<difficult>0</difficult>
		<occluded>0</occluded>
		<bndbox>
			<xmin>54</xmin>
			<xmax>178</xmax>
			<ymin>82</ymin>
			<ymax>193</ymax>
		</bndbox>
	</object>
</annotation>