<annotation>
	<folder />
	<filename>ppe_0310_jpg.rf.a2b9961e82b735f9b022f65351eb7407.jpg</filename>
	<path>ppe_0310_jpg.rf.a2b9961e82b735f9b022f65351eb7407.jpg</path>
	<source>
		<database>roboflow.ai</database>
	</source>
	<size>
		<width>224</width>
		<height>224</height>
		<depth>3</depth>
	</size>
	<segmented>0</segmented>
	<object>
		<name>helmet</name>
		<pose>Unspecified</pose>
		<truncated>0</truncated>
		<difficult>0</difficult>
		<occluded>0</occluded>
		<bndbox>
			<xmin>94</xmin>
			<xmax>159</xmax>
			<ymin>4</ymin>
			<ymax>44</ymax>
		</bndbox>
	</object>
	<object>
		<name>person</name>
		<pose>Unspecified</pose>
		<truncated>0</truncated>
		<difficult>0</difficult>
		<occluded>0</occluded>
		<bndbox>
			<xmin>91</xmin>
			<xmax>214</xmax>
			<ymin>2</ymin>
			<ymax>224</ymax>
		</bndbox>
	</object>
	<object>
		<name>vest</name>
		<pose>Unspecified</pose>
		<truncated>0</truncated>
		<difficult>0</difficult>
		<occluded>0</occluded>
		<bndbox>
			<xmin>91</xmin>
			<xmax>215</xmax>
			<ymin>70</ymin>
			<ymax>224</ymax>
		</bndbox>
	</object>
</annotation>