<annotation>
	<folder />
	<filename>ppe_0141_jpg.rf.e3cd284e46b3d584b95adf227bfda474.jpg</filename>
	<path>ppe_0141_jpg.rf.e3cd284e46b3d584b95adf227bfda474.jpg</path>
	<source>
		<database>roboflow.ai</database>
	</source>
	<size>
		<width>224</width>
		<height>224</height>
		<depth>3</depth>
	</size>
	<segmented>0</segmented>
	<object>
		<name>helmet</name>
		<pose>Unspecified</pose>
		<truncated>0</truncated>
		<difficult>0</difficult>
		<occluded>0</occluded>
		<bndbox>
			<xmin>38</xmin>
			<xmax>86</xmax>
			<ymin>26</ymin>
			<ymax>61</ymax>
		</bndbox>
	</object>
	<object>
		<name>person</name>
		<pose>Unspecified</pose>
		<truncated>0</truncated>
		<difficult>0</difficult>
		<occluded>0</occluded>
		<bndbox>
			<xmin>23</xmin>
			<xmax>108</xmax>
			<ymin>24</ymin>
			<ymax>224</ymax>
		</bndbox>
	</object>
	<object>
		<name>no-vest</name>
		<pose>Unspecified</pose>
		<truncated>0</truncated>
		<difficult>0</difficult>
		<occluded>0</occluded>
		<bndbox>
			<xmin>26</xmin>
			<xmax>106</xmax>
			<ymin>85</ymin>
			<ymax>200</ymax>
		</bndbox>
	</object>
</annotation>