<annotation>
	<folder />
	<filename>ppe_0064_jpg.rf.19ae591c338dfc2d6d4369bf26edf06d.jpg</filename>
	<path>ppe_0064_jpg.rf.19ae591c338dfc2d6d4369bf26edf06d.jpg</path>
	<source>
		<database>roboflow.ai</database>
	</source>
	<size>
		<width>224</width>
		<height>224</height>
		<depth>3</depth>
	</size>
	<segmented>0</segmented>
	<object>
		<name>helmet</name>
		<pose>Unspecified</pose>
		<truncated>0</truncated>
		<difficult>0</difficult>
		<occluded>0</occluded>
		<bndbox>
			<xmin>92</xmin>
			<xmax>181</xmax>
			<ymin>26</ymin>
			<ymax>65</ymax>
		</bndbox>
	</object>
	<object>
		<name>person</name>
		<pose>Unspecified</pose>
		<truncated>0</truncated>
		<difficult>0</difficult>
		<occluded>0</occluded>
		<bndbox>
			<xmin>76</xmin>
			<xmax>224</xmax>
			<ymin>20</ymin>
			<ymax>214</ymax>
		</bndbox>
	</object>
	<object>
		<name>vest</name>
		<pose>Unspecified</pose>
		<truncated>0</truncated>
		<difficult>0</difficult>
		<occluded>0</occluded>
		<bndbox>
			<xmin>99</xmin>
			<xmax>219</xmax>
			<ymin>75</ymin>
			<ymax>219</ymax>
		</bndbox>
	</object>
</annotation>