<annotation>
	<folder />
	<filename>ppe_0297_jpg.rf.8795b2ee71e23cb03d8a3b54e0a66087.jpg</filename>
	<path>ppe_0297_jpg.rf.8795b2ee71e23cb03d8a3b54e0a66087.jpg</path>
	<source>
		<database>roboflow.ai</database>
	</source>
	<size>
		<width>224</width>
		<height>224</height>
		<depth>3</depth>
	</size>
	<segmented>0</segmented>
	<object>
		<name>person</name>
		<pose>Unspecified</pose>
		<truncated>0</truncated>
		<difficult>0</difficult>
		<occluded>0</occluded>
		<bndbox>
			<xmin>55</xmin>
			<xmax>163</xmax>
			<ymin>13</ymin>
			<ymax>214</ymax>
		</bndbox>
	</object>
	<object>
		<name>vest</name>
		<pose>Unspecified</pose>
		<truncated>0</truncated>
		<difficult>0</difficult>
		<occluded>0</occluded>
		<bndbox>
			<xmin>43</xmin>
			<xmax>160</xmax>
			<ymin>59</ymin>
			<ymax>186</ymax>
		</bndbox>
	</object>
	<object>
		<name>helmet</name>
		<pose>Unspecified</pose>
		<truncated>0</truncated>
		<difficult>0</difficult>
		<occluded>0</occluded>
		<bndbox>
			<xmin>102</xmin>
			<xmax>141</xmax>
			<ymin>14</ymin>
			<ymax>44</ymax>
		</bndbox>
	</object>
</annotation>