<annotation>
	<folder />
	<filename>ppe_0146_jpg.rf.dbf71077befd49ca7e5d10309c884858.jpg</filename>
	<path>ppe_0146_jpg.rf.dbf71077befd49ca7e5d10309c884858.jpg</path>
	<source>
		<database>roboflow.ai</database>
	</source>
	<size>
		<width>224</width>
		<height>224</height>
		<depth>3</depth>
	</size>
	<segmented>0</segmented>
	<object>
		<name>helmet</name>
		<pose>Unspecified</pose>
		<truncated>0</truncated>
		<difficult>0</difficult>
		<occluded>0</occluded>
		<bndbox>
			<xmin>44</xmin>
			<xmax>62</xmax>
			<ymin>48</ymin>
			<ymax>74</ymax>
		</bndbox>
	</object>
	<object>
		<name>vest</name>
		<pose>Unspecified</pose>
		<truncated>0</truncated>
		<difficult>0</difficult>
		<occluded>0</occluded>
		<bndbox>
			<xmin>41</xmin>
			<xmax>73</xmax>
			<ymin>67</ymin>
			<ymax>130</ymax>
		</bndbox>
	</object>
	<object>
		<name>person</name>
		<pose>Unspecified</pose>
		<truncated>0</truncated>
		<difficult>0</difficult>
		<occluded>0</occluded>
		<bndbox>
			<xmin>31</xmin>
			<xmax>86</xmax>
			<ymin>45</ymin>
			<ymax>201</ymax>
		</bndbox>
	</object>
</annotation>