<annotation>
	<folder />
	<filename>ppe_0400_jpg.rf.dfc85467e7991aa082eb8d77d5646029.jpg</filename>
	<path>ppe_0400_jpg.rf.dfc85467e7991aa082eb8d77d5646029.jpg</path>
	<source>
		<database>roboflow.ai</database>
	</source>
	<size>
		<width>224</width>
		<height>224</height>
		<depth>3</depth>
	</size>
	<segmented>0</segmented>
	<object>
		<name>helmet</name>
		<pose>Unspecified</pose>
		<truncated>0</truncated>
		<difficult>0</difficult>
		<occluded>0</occluded>
		<bndbox>
			<xmin>87</xmin>
			<xmax>123</xmax>
			<ymin>60</ymin>
			<ymax>107</ymax>
		</bndbox>
	</object>
	<object>
		<name>person</name>
		<pose>Unspecified</pose>
		<truncated>0</truncated>
		<difficult>0</difficult>
		<occluded>0</occluded>
		<bndbox>
			<xmin>36</xmin>
			<xmax>125</xmax>
			<ymin>60</ymin>
			<ymax>210</ymax>
		</bndbox>
	</object>
	<object>
		<name>no-vest</name>
		<pose>Unspecified</pose>
		<truncated>0</truncated>
		<difficult>0</difficult>
		<occluded>0</occluded>
		<bndbox>
			<xmin>36</xmin>
			<xmax>112</xmax>
			<ymin>105</ymin>
			<ymax>189</ymax>
		</bndbox>
	</object>
</annotation>