<annotation>
	<folder />
	<filename>ppe_0530_jpg.rf.05245545bdf67d76248d9dcb113f0a56.jpg</filename>
	<path>ppe_0530_jpg.rf.05245545bdf67d76248d9dcb113f0a56.jpg</path>
	<source>
		<database>roboflow.ai</database>
	</source>
	<size>
		<width>224</width>
		<height>224</height>
		<depth>3</depth>
	</size>
	<segmented>0</segmented>
	<object>
		<name>helmet</name>
		<pose>Unspecified</pose>
		<truncated>0</truncated>
		<difficult>0</difficult>
		<occluded>0</occluded>
		<bndbox>
			<xmin>12</xmin>
			<xmax>129</xmax>
			<ymin>66</ymin>
			<ymax>134</ymax>
		</bndbox>
	</object>
	<object>
		<name>person</name>
		<pose>Unspecified</pose>
		<truncated>0</truncated>
		<difficult>0</difficult>
		<occluded>0</occluded>
		<bndbox>
			<xmin>8</xmin>
			<xmax>156</xmax>
			<ymin>65</ymin>
			<ymax>219</ymax>
		</bndbox>
	</object>
	<object>
		<name>no-vest</name>
		<pose>Unspecified</pose>
		<truncated>0</truncated>
		<difficult>0</difficult>
		<occluded>0</occluded>
		<bndbox>
			<xmin>22</xmin>
			<xmax>159</xmax>
			<ymin>138</ymin>
			<ymax>225</ymax>
		</bndbox>
	</object>
</annotation>