<annotation>
	<folder />
	<filename>ppe_0275_jpg.rf.fd2c9727925808c102c8172b31dc8ea2.jpg</filename>
	<path>ppe_0275_jpg.rf.fd2c9727925808c102c8172b31dc8ea2.jpg</path>
	<source>
		<database>roboflow.ai</database>
	</source>
	<size>
		<width>224</width>
		<height>224</height>
		<depth>3</depth>
	</size>
	<segmented>0</segmented>
	<object>
		<name>no-vest</name>
		<pose>Unspecified</pose>
		<truncated>0</truncated>
		<difficult>0</difficult>
		<occluded>0</occluded>
		<bndbox>
			<xmin>61</xmin>
			<xmax>150</xmax>
			<ymin>45</ymin>
			<ymax>179</ymax>
		</bndbox>
	</object>
	<object>
		<name>person</name>
		<pose>Unspecified</pose>
		<truncated>0</truncated>
		<difficult>0</difficult>
		<occluded>0</occluded>
		<bndbox>
			<xmin>62</xmin>
			<xmax>155</xmax>
			<ymin>3</ymin>
			<ymax>221</ymax>
		</bndbox>
	</object>
	<object>
		<name>helmet</name>
		<pose>Unspecified</pose>
		<truncated>0</truncated>
		<difficult>0</difficult>
		<occluded>0</occluded>
		<bndbox>
			<xmin>77</xmin>
			<xmax>154</xmax>
			<ymin>8</ymin>
			<ymax>34</ymax>
		</bndbox>
	</object>
</annotation>