<annotation>
	<folder />
	<filename>ppe_0431_jpg.rf.cb70ce1af865468e4acf07062e47a54e.jpg</filename>
	<path>ppe_0431_jpg.rf.cb70ce1af865468e4acf07062e47a54e.jpg</path>
	<source>
		<database>roboflow.ai</database>
	</source>
	<size>
		<width>224</width>
		<height>224</height>
		<depth>3</depth>
	</size>
	<segmented>0</segmented>
	<object>
		<name>helmet</name>
		<pose>Unspecified</pose>
		<truncated>0</truncated>
		<difficult>0</difficult>
		<occluded>0</occluded>
		<bndbox>
			<xmin>104</xmin>
			<xmax>164</xmax>
			<ymin>15</ymin>
			<ymax>75</ymax>
		</bndbox>
	</object>
	<object>
		<name>person</name>
		<pose>Unspecified</pose>
		<truncated>0</truncated>
		<difficult>0</difficult>
		<occluded>0</occluded>
		<bndbox>
			<xmin>74</xmin>
			<xmax>199</xmax>
			<ymin>14</ymin>
			<ymax>217</ymax>
		</bndbox>
	</object>
	<object>
		<name>no-vest</name>
		<pose>Unspecified</pose>
		<truncated>0</truncated>
		<difficult>0</difficult>
		<occluded>0</occluded>
		<bndbox>
			<xmin>75</xmin>
			<xmax>201</xmax>
			<ymin>134</ymin>
			<ymax>218</ymax>
		</bndbox>
	</object>
</annotation>