<annotation>
	<folder />
	<filename>ppe_0496_jpg.rf.a898fe23e13842ca14f6299b1e7c097a.jpg</filename>
	<path>ppe_0496_jpg.rf.a898fe23e13842ca14f6299b1e7c097a.jpg</path>
	<source>
		<database>roboflow.ai</database>
	</source>
	<size>
		<width>224</width>
		<height>224</height>
		<depth>3</depth>
	</size>
	<segmented>0</segmented>
	<object>
		<name>person</name>
		<pose>Unspecified</pose>
		<truncated>0</truncated>
		<difficult>0</difficult>
		<occluded>0</occluded>
		<bndbox>
			<xmin>36</xmin>
			<xmax>206</xmax>
			<ymin>3</ymin>
			<ymax>214</ymax>
		</bndbox>
	</object>
	<object>
		<name>vest</name>
		<pose>Unspecified</pose>
		<truncated>0</truncated>
		<difficult>0</difficult>
		<occluded>0</occluded>
		<bndbox>
			<xmin>48</xmin>
			<xmax>193</xmax>
			<ymin>66</ymin>
			<ymax>176</ymax>
		</bndbox>
	</object>
	<object>
		<name>helmet</name>
		<pose>Unspecified</pose>
		<truncated>0</truncated>
		<difficult>0</difficult>
		<occluded>0</occluded>
		<bndbox>
			<xmin>84</xmin>
			<xmax>168</xmax>
			<ymin>3</ymin>
			<ymax>44</ymax>
		</bndbox>
	</object>
</annotation>