<annotation>
	<folder />
	<filename>ppe_0003_jpg.rf.3a8e6c142c380ed094fdea05449ed25c.jpg</filename>
	<path>ppe_0003_jpg.rf.3a8e6c142c380ed094fdea05449ed25c.jpg</path>
	<source>
		<database>roboflow.ai</database>
	</source>
	<size>
		<width>224</width>
		<height>224</height>
		<depth>3</depth>
	</size>
	<segmented>0</segmented>
	<object>
		<name>person</name>
		<pose>Unspecified</pose>
		<truncated>0</truncated>
		<difficult>0</difficult>
		<occluded>0</occluded>
		<bndbox>
			<xmin>102</xmin>
			<xmax>174</xmax>
			<ymin>39</ymin>
			<ymax>225</ymax>
		</bndbox>
	</object>
	<object>
		<name>vest</name>
		<pose>Unspecified</pose>
		<truncated>0</truncated>
		<difficult>0</difficult>
		<occluded>0</occluded>
		<bndbox>
			<xmin>103</xmin>
			<xmax>170</xmax>
			<ymin>117</ymin>
			<ymax>204</ymax>
		</bndbox>
	</object>
	<object>
		<name>helmet</name>
		<pose>Unspecified</pose>
		<truncated>0</truncated>
		<difficult>0</difficult>
		<occluded>0</occluded>
		<bndbox>
			<xmin>111</xmin>
			<xmax>147</xmax>
			<ymin>39</ymin>
			<ymax>85</ymax>
		</bndbox>
	</object>
</annotation>