<annotation>
	<folder />
	<filename>ppe_0207_jpg.rf.a86ce5a5a169c9a23b7fd4fe068c4537.jpg</filename>
	<path>ppe_0207_jpg.rf.a86ce5a5a169c9a23b7fd4fe068c4537.jpg</path>
	<source>
		<database>roboflow.ai</database>
	</source>
	<size>
		<width>224</width>
		<height>224</height>
		<depth>3</depth>
	</size>
	<segmented>0</segmented>
	<object>
		<name>helmet</name>
		<pose>Unspecified</pose>
		<truncated>0</truncated>
		<difficult>0</difficult>
		<occluded>0</occluded>
		<bndbox>
			<xmin>26</xmin>
			<xmax>62</xmax>
			<ymin>82</ymin>
			<ymax>123</ymax>
		</bndbox>
	</object>
	<object>
		<name>person</name>
		<pose>Unspecified</pose>
		<truncated>0</truncated>
		<difficult>0</difficult>
		<occluded>0</occluded>
		<bndbox>
			<xmin>27</xmin>
			<xmax>86</xmax>
			<ymin>82</ymin>
			<ymax>224</ymax>
		</bndbox>
	</object>
	<object>
		<name>vest</name>
		<pose>Unspecified</pose>
		<truncated>0</truncated>
		<difficult>0</difficult>
		<occluded>0</occluded>
		<bndbox>
			<xmin>30</xmin>
			<xmax>77</xmax>
			<ymin>131</ymin>
			<ymax>221</ymax>
		</bndbox>
	</object>
</annotation>