<annotation>
	<folder />
	<filename>ppe_0497_jpg.rf.0dc12b89077454cc4ffba1c84b32726d.jpg</filename>
	<path>ppe_0497_jpg.rf.0dc12b89077454cc4ffba1c84b32726d.jpg</path>
	<source>
		<database>roboflow.ai</database>
	</source>
	<size>
		<width>224</width>
		<height>224</height>
		<depth>3</depth>
	</size>
	<segmented>0</segmented>
	<object>
		<name>vest</name>
		<pose>Unspecified</pose>
		<truncated>0</truncated>
		<difficult>0</difficult>
		<occluded>0</occluded>
		<bndbox>
			<xmin>57</xmin>
			<xmax>211</xmax>
			<ymin>110</ymin>
			<ymax>212</ymax>
		</bndbox>
	</object>
	<object>
		<name>helmet</name>
		<pose>Unspecified</pose>
		<truncated>0</truncated>
		<difficult>0</difficult>
		<occluded>0</occluded>
		<bndbox>
			<xmin>41</xmin>
			<xmax>109</xmax>
			<ymin>3</ymin>
			<ymax>79</ymax>
		</bndbox>
	</object>
	<object>
		<name>person</name>
		<pose>Unspecified</pose>
		<truncated>0</truncated>
		<difficult>0</difficult>
		<occluded>0</occluded>
		<bndbox>
			<xmin>37</xmin>
			<xmax>190</xmax>
			<ymin>5</ymin>
			<ymax>222</ymax>
		</bndbox>
	</object>
</annotation>