<annotation>
	<folder />
	<filename>ppe_0255_jpg.rf.d4754f9926644a0e4aed6d00943c835b.jpg</filename>
	<path>ppe_0255_jpg.rf.d4754f9926644a0e4aed6d00943c835b.jpg</path>
	<source>
		<database>roboflow.ai</database>
	</source>
	<size>
		<width>224</width>
		<height>224</height>
		<depth>3</depth>
	</size>
	<segmented>0</segmented>
	<object>
		<name>helmet</name>
		<pose>Unspecified</pose>
		<truncated>0</truncated>
		<difficult>0</difficult>
		<occluded>0</occluded>
		<bndbox>
			<xmin>86</xmin>
			<xmax>131</xmax>
			<ymin>8</ymin>
			<ymax>29</ymax>
		</bndbox>
	</object>
	<object>
		<name>vest</name>
		<pose>Unspecified</pose>
		<truncated>0</truncated>
		<difficult>0</difficult>
		<occluded>0</occluded>
		<bndbox>
			<xmin>61</xmin>
			<xmax>157</xmax>
			<ymin>42</ymin>
			<ymax>111</ymax>
		</bndbox>
	</object>
	<object>
		<name>person</name>
		<pose>Unspecified</pose>
		<truncated>0</truncated>
		<difficult>0</difficult>
		<occluded>0</occluded>
		<bndbox>
			<xmin>58</xmin>
			<xmax>156</xmax>
			<ymin>8</ymin>
			<ymax>220</ymax>
		</bndbox>
	</object>
</annotation>