<annotation>
	<folder />
	<filename>ppe_0394_jpg.rf.0f7e1a1ac529c0f836e0eb7366e1ed9d.jpg</filename>
	<path>ppe_0394_jpg.rf.0f7e1a1ac529c0f836e0eb7366e1ed9d.jpg</path>
	<source>
		<database>roboflow.ai</database>
	</source>
	<size>
		<width>224</width>
		<height>224</height>
		<depth>3</depth>
	</size>
	<segmented>0</segmented>
	<object>
		<name>helmet</name>
		<pose>Unspecified</pose>
		<truncated>0</truncated>
		<difficult>0</difficult>
		<occluded>0</occluded>
		<bndbox>
			<xmin>90</xmin>
			<xmax>141</xmax>
			<ymin>7</ymin>
			<ymax>47</ymax>
		</bndbox>
	</object>
	<object>
		<name>person</name>
		<pose>Unspecified</pose>
		<truncated>0</truncated>
		<difficult>0</difficult>
		<occluded>0</occluded>
		<bndbox>
			<xmin>78</xmin>
			<xmax>161</xmax>
			<ymin>4</ymin>
			<ymax>224</ymax>
		</bndbox>
	</object>
	<object>
		<name>vest</name>
		<pose>Unspecified</pose>
		<truncated>0</truncated>
		<difficult>0</difficult>
		<occluded>0</occluded>
		<bndbox>
			<xmin>84</xmin>
			<xmax>150</xmax>
			<ymin>67</ymin>
			<ymax>192</ymax>
		</bndbox>
	</object>
</annotation>