<annotation>
	<folder />
	<filename>ppe_0020_jpg.rf.4c688c240a097123603b579c20258f81.jpg</filename>
	<path>ppe_0020_jpg.rf.4c688c240a097123603b579c20258f81.jpg</path>
	<source>
		<database>roboflow.ai</database>
	</source>
	<size>
		<width>224</width>
		<height>224</height>
		<depth>3</depth>
	</size>
	<segmented>0</segmented>
	<object>
		<name>person</name>
		<pose>Unspecified</pose>
		<truncated>0</truncated>
		<difficult>0</difficult>
		<occluded>0</occluded>
		<bndbox>
			<xmin>48</xmin>
			<xmax>176</xmax>
			<ymin>7</ymin>
			<ymax>212</ymax>
		</bndbox>
	</object>
	<object>
		<name>vest</name>
		<pose>Unspecified</pose>
		<truncated>0</truncated>
		<difficult>0</difficult>
		<occluded>0</occluded>
		<bndbox>
			<xmin>47</xmin>
			<xmax>170</xmax>
			<ymin>63</ymin>
			<ymax>214</ymax>
		</bndbox>
	</object>
	<object>
		<name>helmet</name>
		<pose>Unspecified</pose>
		<truncated>0</truncated>
		<difficult>0</difficult>
		<occluded>0</occluded>
		<bndbox>
			<xmin>86</xmin>
			<xmax>135</xmax>
			<ymin>6</ymin>
			<ymax>47</ymax>
		</bndbox>
	</object>
</annotation>