<annotation>
	<folder />
	<filename>ppe_0026_jpg.rf.338ee2d183f0da32495a2879bfc7af55.jpg</filename>
	<path>ppe_0026_jpg.rf.338ee2d183f0da32495a2879bfc7af55.jpg</path>
	<source>
		<database>roboflow.ai</database>
	</source>
	<size>
		<width>224</width>
		<height>224</height>
		<depth>3</depth>
	</size>
	<segmented>0</segmented>
	<object>
		<name>helmet</name>
		<pose>Unspecified</pose>
		<truncated>0</truncated>
		<difficult>0</difficult>
		<occluded>0</occluded>
		<bndbox>
			<xmin>73</xmin>
			<xmax>108</xmax>
			<ymin>33</ymin>
			<ymax>51</ymax>
		</bndbox>
	</object>
	<object>
		<name>vest</name>
		<pose>Unspecified</pose>
		<truncated>0</truncated>
		<difficult>0</difficult>
		<occluded>0</occluded>
		<bndbox>
			<xmin>55</xmin>
			<xmax>124</xmax>
			<ymin>64</ymin>
			<ymax>129</ymax>
		</bndbox>
	</object>
	<object>
		<name>person</name>
		<pose>Unspecified</pose>
		<truncated>0</truncated>
		<difficult>0</difficult>
		<occluded>0</occluded>
		<bndbox>
			<xmin>42</xmin>
			<xmax>152</xmax>
			<ymin>28</ymin>
			<ymax>224</ymax>
		</bndbox>
	</object>
</annotation>