<annotation>
	<folder />
	<filename>ppe_0456_jpg.rf.296166b8e5f724ebd6e5c7ff6868fe98.jpg</filename>
	<path>ppe_0456_jpg.rf.296166b8e5f724ebd6e5c7ff6868fe98.jpg</path>
	<source>
		<database>roboflow.ai</database>
	</source>
	<size>
		<width>224</width>
		<height>224</height>
		<depth>3</depth>
	</size>
	<segmented>0</segmented>
	<object>
		<name>vest</name>
		<pose>Unspecified</pose>
		<truncated>0</truncated>
		<difficult>0</difficult>
		<occluded>0</occluded>
		<bndbox>
			<xmin>128</xmin>
			<xmax>143</xmax>
			<ymin>122</ymin>
			<ymax>155</ymax>
		</bndbox>
	</object>
	<object>
		<name>person</name>
		<pose>Unspecified</pose>
		<truncated>0</truncated>
		<difficult>0</difficult>
		<occluded>0</occluded>
		<bndbox>
			<xmin>126</xmin>
			<xmax>149</xmax>
			<ymin>107</ymin>
			<ymax>197</ymax>
		</bndbox>
	</object>
</annotation>