<annotation>
	<folder />
	<filename>ppe_0295_jpg.rf.2cd96308af43931aaf01da46fde69e17.jpg</filename>
	<path>ppe_0295_jpg.rf.2cd96308af43931aaf01da46fde69e17.jpg</path>
	<source>
		<database>roboflow.ai</database>
	</source>
	<size>
		<width>224</width>
		<height>224</height>
		<depth>3</depth>
	</size>
	<segmented>0</segmented>
	<object>
		<name>helmet</name>
		<pose>Unspecified</pose>
		<truncated>0</truncated>
		<difficult>0</difficult>
		<occluded>0</occluded>
		<bndbox>
			<xmin>60</xmin>
			<xmax>132</xmax>
			<ymin>28</ymin>
			<ymax>85</ymax>
		</bndbox>
	</object>
	<object>
		<name>person</name>
		<pose>Unspecified</pose>
		<truncated>0</truncated>
		<difficult>0</difficult>
		<occluded>0</occluded>
		<bndbox>
			<xmin>34</xmin>
			<xmax>180</xmax>
			<ymin>29</ymin>
			<ymax>211</ymax>
		</bndbox>
	</object>
	<object>
		<name>no-vest</name>
		<pose>Unspecified</pose>
		<truncated>0</truncated>
		<difficult>0</difficult>
		<occluded>0</occluded>
		<bndbox>
			<xmin>38</xmin>
			<xmax>178</xmax>
			<ymin>101</ymin>
			<ymax>214</ymax>
		</bndbox>
	</object>
</annotation>