<annotation>
	<folder />
	<filename>ppe_0378_jpg.rf.31b8d9bd2fc05771b6761bfd1d9221d2.jpg</filename>
	<path>ppe_0378_jpg.rf.31b8d9bd2fc05771b6761bfd1d9221d2.jpg</path>
	<source>
		<database>roboflow.ai</database>
	</source>
	<size>
		<width>224</width>
		<height>224</height>
		<depth>3</depth>
	</size>
	<segmented>0</segmented>
	<object>
		<name>helmet</name>
		<pose>Unspecified</pose>
		<truncated>0</truncated>
		<difficult>0</difficult>
		<occluded>0</occluded>
		<bndbox>
			<xmin>92</xmin>
			<xmax>120</xmax>
			<ymin>43</ymin>
			<ymax>70</ymax>
		</bndbox>
	</object>
	<object>
		<name>person</name>
		<pose>Unspecified</pose>
		<truncated>0</truncated>
		<difficult>0</difficult>
		<occluded>0</occluded>
		<bndbox>
			<xmin>88</xmin>
			<xmax>135</xmax>
			<ymin>41</ymin>
			<ymax>224</ymax>
		</bndbox>
	</object>
	<object>
		<name>vest</name>
		<pose>Unspecified</pose>
		<truncated>0</truncated>
		<difficult>0</difficult>
		<occluded>0</occluded>
		<bndbox>
			<xmin>89</xmin>
			<xmax>132</xmax>
			<ymin>84</ymin>
			<ymax>183</ymax>
		</bndbox>
	</object>
</annotation>