<annotation>
	<folder />
	<filename>ppe_0151_jpg.rf.5a4756ba26f59a1f22fe52e4793bcfa0.jpg</filename>
	<path>ppe_0151_jpg.rf.5a4756ba26f59a1f22fe52e4793bcfa0.jpg</path>
	<source>
		<database>roboflow.ai</database>
	</source>
	<size>
		<width>224</width>
		<height>224</height>
		<depth>3</depth>
	</size>
	<segmented>0</segmented>
	<object>
		<name>helmet</name>
		<pose>Unspecified</pose>
		<truncated>0</truncated>
		<difficult>0</difficult>
		<occluded>0</occluded>
		<bndbox>
			<xmin>105</xmin>
			<xmax>165</xmax>
			<ymin>31</ymin>
			<ymax>56</ymax>
		</bndbox>
	</object>
	<object>
		<name>person</name>
		<pose>Unspecified</pose>
		<truncated>0</truncated>
		<difficult>0</difficult>
		<occluded>0</occluded>
		<bndbox>
			<xmin>80</xmin>
			<xmax>207</xmax>
			<ymin>33</ymin>
			<ymax>188</ymax>
		</bndbox>
	</object>
	<object>
		<name>no-vest</name>
		<pose>Unspecified</pose>
		<truncated>0</truncated>
		<difficult>0</difficult>
		<occluded>0</occluded>
		<bndbox>
			<xmin>93</xmin>
			<xmax>198</xmax>
			<ymin>74</ymin>
			<ymax>178</ymax>
		</bndbox>
	</object>
</annotation>