<annotation>
	<folder />
	<filename>ppe_0331_jpg.rf.bab23664ed9ea51ab5d749edbc9b6fad.jpg</filename>
	<path>ppe_0331_jpg.rf.bab23664ed9ea51ab5d749edbc9b6fad.jpg</path>
	<source>
		<database>roboflow.ai</database>
	</source>
	<size>
		<width>224</width>
		<height>224</height>
		<depth>3</depth>
	</size>
	<segmented>0</segmented>
	<object>
		<name>person</name>
		<pose>Unspecified</pose>
		<truncated>0</truncated>
		<difficult>0</difficult>
		<occluded>0</occluded>
		<bndbox>
			<xmin>70</xmin>
			<xmax>158</xmax>
			<ymin>6</ymin>
			<ymax>221</ymax>
		</bndbox>
	</object>
	<object>
		<name>no-vest</name>
		<pose>Unspecified</pose>
		<truncated>0</truncated>
		<difficult>0</difficult>
		<occluded>0</occluded>
		<bndbox>
			<xmin>73</xmin>
			<xmax>155</xmax>
			<ymin>76</ymin>
			<ymax>181</ymax>
		</bndbox>
	</object>
	<object>
		<name>helmet</name>
		<pose>Unspecified</pose>
		<truncated>0</truncated>
		<difficult>0</difficult>
		<occluded>0</occluded>
		<bndbox>
			<xmin>104</xmin>
			<xmax>143</xmax>
			<ymin>7</ymin>
			<ymax>58</ymax>
		</bndbox>
	</object>
</annotation>