<annotation>
	<folder />
	<filename>ppe_0419_jpg.rf.a031fed76c018cf4ecace414d5c90997.jpg</filename>
	<path>ppe_0419_jpg.rf.a031fed76c018cf4ecace414d5c90997.jpg</path>
	<source>
		<database>roboflow.ai</database>
	</source>
	<size>
		<width>224</width>
		<height>224</height>
		<depth>3</depth>
	</size>
	<segmented>0</segmented>
	<object>
		<name>person</name>
		<pose>Unspecified</pose>
		<truncated>0</truncated>
		<difficult>0</difficult>
		<occluded>0</occluded>
		<bndbox>
			<xmin>15</xmin>
			<xmax>124</xmax>
			<ymin>13</ymin>
			<ymax>211</ymax>
		</bndbox>
	</object>
	<object>
		<name>no-vest</name>
		<pose>Unspecified</pose>
		<truncated>0</truncated>
		<difficult>0</difficult>
		<occluded>0</occluded>
		<bndbox>
			<xmin>19</xmin>
			<xmax>121</xmax>
			<ymin>118</ymin>
			<ymax>212</ymax>
		</bndbox>
	</object>
	<object>
		<name>helmet</name>
		<pose>Unspecified</pose>
		<truncated>0</truncated>
		<difficult>0</difficult>
		<occluded>0</occluded>
		<bndbox>
			<xmin>38</xmin>
			<xmax>93</xmax>
			<ymin>9</ymin>
			<ymax>67</ymax>
		</bndbox>
	</object>
</annotation>