<annotation>
	<folder />
	<filename>ppe_0115_jpg.rf.9d7fed0793f7d94b97e5f28d3396ca8e.jpg</filename>
	<path>ppe_0115_jpg.rf.9d7fed0793f7d94b97e5f28d3396ca8e.jpg</path>
	<source>
		<database>roboflow.ai</database>
	</source>
	<size>
		<width>224</width>
		<height>224</height>
		<depth>3</depth>
	</size>
	<segmented>0</segmented>
	<object>
		<name>helmet</name>
		<pose>Unspecified</pose>
		<truncated>0</truncated>
		<difficult>0</difficult>
		<occluded>0</occluded>
		<bndbox>
			<xmin>107</xmin>
			<xmax>129</xmax>
			<ymin>35</ymin>
			<ymax>66</ymax>
		</bndbox>
	</object>
	<object>
		<name>vest</name>
		<pose>Unspecified</pose>
		<truncated>0</truncated>
		<difficult>0</difficult>
		<occluded>0</occluded>
		<bndbox>
			<xmin>102</xmin>
			<xmax>148</xmax>
			<ymin>74</ymin>
			<ymax>171</ymax>
		</bndbox>
	</object>
	<object>
		<name>person</name>
		<pose>Unspecified</pose>
		<truncated>0</truncated>
		<difficult>0</difficult>
		<occluded>0</occluded>
		<bndbox>
			<xmin>93</xmin>
			<xmax>148</xmax>
			<ymin>35</ymin>
			<ymax>216</ymax>
		</bndbox>
	</object>
</annotation>