<annotation>
	<folder />
	<filename>ppe_0274_jpg.rf.5d87eceb4390e2f71358b276c51338da.jpg</filename>
	<path>ppe_0274_jpg.rf.5d87eceb4390e2f71358b276c51338da.jpg</path>
	<source>
		<database>roboflow.ai</database>
	</source>
	<size>
		<width>224</width>
		<height>224</height>
		<depth>3</depth>
	</size>
	<segmented>0</segmented>
	<object>
		<name>person</name>
		<pose>Unspecified</pose>
		<truncated>0</truncated>
		<difficult>0</difficult>
		<occluded>0</occluded>
		<bndbox>
			<xmin>26</xmin>
			<xmax>155</xmax>
			<ymin>27</ymin>
			<ymax>216</ymax>
		</bndbox>
	</object>
	<object>
		<name>no-vest</name>
		<pose>Unspecified</pose>
		<truncated>0</truncated>
		<difficult>0</difficult>
		<occluded>0</occluded>
		<bndbox>
			<xmin>33</xmin>
			<xmax>151</xmax>
			<ymin>89</ymin>
			<ymax>206</ymax>
		</bndbox>
	</object>
	<object>
		<name>helmet</name>
		<pose>Unspecified</pose>
		<truncated>0</truncated>
		<difficult>0</difficult>
		<occluded>0</occluded>
		<bndbox>
			<xmin>58</xmin>
			<xmax>139</xmax>
			<ymin>28</ymin>
			<ymax>60</ymax>
		</bndbox>
	</object>
</annotation>