<annotation>
	<folder />
	<filename>ppe_0253_jpg.rf.66c7763ff3f1461a7a644875d23d8a2f.jpg</filename>
	<path>ppe_0253_jpg.rf.66c7763ff3f1461a7a644875d23d8a2f.jpg</path>
	<source>
		<database>roboflow.ai</database>
	</source>
	<size>
		<width>224</width>
		<height>224</height>
		<depth>3</depth>
	</size>
	<segmented>0</segmented>
	<object>
		<name>helmet</name>
		<pose>Unspecified</pose>
		<truncated>0</truncated>
		<difficult>0</difficult>
		<occluded>0</occluded>
		<bndbox>
			<xmin>92</xmin>
			<xmax>131</xmax>
			<ymin>21</ymin>
			<ymax>43</ymax>
		</bndbox>
	</object>
	<object>
		<name>no-vest</name>
		<pose>Unspecified</pose>
		<truncated>0</truncated>
		<difficult>0</difficult>
		<occluded>0</occluded>
		<bndbox>
			<xmin>69</xmin>
			<xmax>166</xmax>
			<ymin>57</ymin>
			<ymax>121</ymax>
		</bndbox>
	</object>
	<object>
		<name>person</name>
		<pose>Unspecified</pose>
		<truncated>0</truncated>
		<difficult>0</difficult>
		<occluded>0</occluded>
		<bndbox>
			<xmin>50</xmin>
			<xmax>164</xmax>
			<ymin>23</ymin>
			<ymax>213</ymax>
		</bndbox>
	</object>
</annotation>