<annotation>
	<folder />
	<filename>ppe_0165_jpg.rf.8e7c1a0af33054428a10654c3aa91430.jpg</filename>
	<path>ppe_0165_jpg.rf.8e7c1a0af33054428a10654c3aa91430.jpg</path>
	<source>
		<database>roboflow.ai</database>
	</source>
	<size>
		<width>224</width>
		<height>224</height>
		<depth>3</depth>
	</size>
	<segmented>0</segmented>
	<object>
		<name>helmet</name>
		<pose>Unspecified</pose>
		<truncated>0</truncated>
		<difficult>0</difficult>
		<occluded>0</occluded>
		<bndbox>
			<xmin>90</xmin>
			<xmax>159</xmax>
			<ymin>42</ymin>
			<ymax>73</ymax>
		</bndbox>
	</object>
	<object>
		<name>person</name>
		<pose>Unspecified</pose>
		<truncated>0</truncated>
		<difficult>0</difficult>
		<occluded>0</occluded>
		<bndbox>
			<xmin>48</xmin>
			<xmax>212</xmax>
			<ymin>39</ymin>
			<ymax>213</ymax>
		</bndbox>
	</object>
	<object>
		<name>vest</name>
		<pose>Unspecified</pose>
		<truncated>0</truncated>
		<difficult>0</difficult>
		<occluded>0</occluded>
		<bndbox>
			<xmin>70</xmin>
			<xmax>204</xmax>
			<ymin>100</ymin>
			<ymax>206</ymax>
		</bndbox>
	</object>
</annotation>