<annotation>
	<folder />
	<filename>ppe_0273_jpg.rf.0d7a3dfd370234154f637d4d05ff17d3.jpg</filename>
	<path>ppe_0273_jpg.rf.0d7a3dfd370234154f637d4d05ff17d3.jpg</path>
	<source>
		<database>roboflow.ai</database>
	</source>
	<size>
		<width>224</width>
		<height>224</height>
		<depth>3</depth>
	</size>
	<segmented>0</segmented>
	<object>
		<name>helmet</name>
		<pose>Unspecified</pose>
		<truncated>0</truncated>
		<difficult>0</difficult>
		<occluded>0</occluded>
		<bndbox>
			<xmin>150</xmin>
			<xmax>168</xmax>
			<ymin>87</ymin>
			<ymax>101</ymax>
		</bndbox>
	</object>
	<object>
		<name>person</name>
		<pose>Unspecified</pose>
		<truncated>0</truncated>
		<difficult>0</difficult>
		<occluded>0</occluded>
		<bndbox>
			<xmin>81</xmin>
			<xmax>169</xmax>
			<ymin>86</ymin>
			<ymax>154</ymax>
		</bndbox>
	</object>
</annotation>