<annotation>
	<folder />
	<filename>ppe_0546_jpg.rf.244b77b04fca7ec4225af060ee5f4090.jpg</filename>
	<path>ppe_0546_jpg.rf.244b77b04fca7ec4225af060ee5f4090.jpg</path>
	<source>
		<database>roboflow.ai</database>
	</source>
	<size>
		<width>224</width>
		<height>224</height>
		<depth>3</depth>
	</size>
	<segmented>0</segmented>
	<object>
		<name>helmet</name>
		<pose>Unspecified</pose>
		<truncated>0</truncated>
		<difficult>0</difficult>
		<occluded>0</occluded>
		<bndbox>
			<xmin>116</xmin>
			<xmax>154</xmax>
			<ymin>5</ymin>
			<ymax>81</ymax>
		</bndbox>
	</object>
	<object>
		<name>person</name>
		<pose>Unspecified</pose>
		<truncated>0</truncated>
		<difficult>0</difficult>
		<occluded>0</occluded>
		<bndbox>
			<xmin>87</xmin>
			<xmax>210</xmax>
			<ymin>7</ymin>
			<ymax>224</ymax>
		</bndbox>
	</object>
</annotation>