<annotation>
	<folder />
	<filename>ppe_0416_jpg.rf.75ba0a82b741aa49e7f7c1e6a3a0bf73.jpg</filename>
	<path>ppe_0416_jpg.rf.75ba0a82b741aa49e7f7c1e6a3a0bf73.jpg</path>
	<source>
		<database>roboflow.ai</database>
	</source>
	<size>
		<width>224</width>
		<height>224</height>
		<depth>3</depth>
	</size>
	<segmented>0</segmented>
	<object>
		<name>no-helmet</name>
		<pose>Unspecified</pose>
		<truncated>0</truncated>
		<difficult>0</difficult>
		<occluded>0</occluded>
		<bndbox>
			<xmin>58</xmin>
			<xmax>88</xmax>
			<ymin>56</ymin>
			<ymax>75</ymax>
		</bndbox>
	</object>
	<object>
		<name>vest</name>
		<pose>Unspecified</pose>
		<truncated>0</truncated>
		<difficult>0</difficult>
		<occluded>0</occluded>
		<bndbox>
			<xmin>36</xmin>
			<xmax>87</xmax>
			<ymin>72</ymin>
			<ymax>128</ymax>
		</bndbox>
	</object>
	<object>
		<name>person</name>
		<pose>Unspecified</pose>
		<truncated>0</truncated>
		<difficult>0</difficult>
		<occluded>0</occluded>
		<bndbox>
			<xmin>32</xmin>
			<xmax>89</xmax>
			<ymin>56</ymin>
			<ymax>205</ymax>
		</bndbox>
	</object>
</annotation>