<annotation>
	<folder />
	<filename>ppe_0481_jpg.rf.38a883e41763c33945feb5627737214d.jpg</filename>
	<path>ppe_0481_jpg.rf.38a883e41763c33945feb5627737214d.jpg</path>
	<source>
		<database>roboflow.ai</database>
	</source>
	<size>
		<width>224</width>
		<height>224</height>
		<depth>3</depth>
	</size>
	<segmented>0</segmented>
	<object>
		<name>helmet</name>
		<pose>Unspecified</pose>
		<truncated>0</truncated>
		<difficult>0</difficult>
		<occluded>0</occluded>
		<bndbox>
			<xmin>102</xmin>
			<xmax>164</xmax>
			<ymin>15</ymin>
			<ymax>71</ymax>
		</bndbox>
	</object>
	<object>
		<name>person</name>
		<pose>Unspecified</pose>
		<truncated>0</truncated>
		<difficult>0</difficult>
		<occluded>0</occluded>
		<bndbox>
			<xmin>64</xmin>
			<xmax>195</xmax>
			<ymin>15</ymin>
			<ymax>204</ymax>
		</bndbox>
	</object>
	<object>
		<name>vest</name>
		<pose>Unspecified</pose>
		<truncated>0</truncated>
		<difficult>0</difficult>
		<occluded>0</occluded>
		<bndbox>
			<xmin>70</xmin>
			<xmax>191</xmax>
			<ymin>106</ymin>
			<ymax>202</ymax>
		</bndbox>
	</object>
</annotation>