<annotation>
	<folder />
	<filename>ppe_0518_jpg.rf.6bc4a63cffa86f6c0611bd827a8f2aa8.jpg</filename>
	<path>ppe_0518_jpg.rf.6bc4a63cffa86f6c0611bd827a8f2aa8.jpg</path>
	<source>
		<database>roboflow.ai</database>
	</source>
	<size>
		<width>224</width>
		<height>224</height>
		<depth>3</depth>
	</size>
	<segmented>0</segmented>
	<object>
		<name>no-vest</name>
		<pose>Unspecified</pose>
		<truncated>0</truncated>
		<difficult>0</difficult>
		<occluded>0</occluded>
		<bndbox>
			<xmin>88</xmin>
			<xmax>171</xmax>
			<ymin>40</ymin>
			<ymax>110</ymax>
		</bndbox>
	</object>
	<object>
		<name>person</name>
		<pose>Unspecified</pose>
		<truncated>0</truncated>
		<difficult>0</difficult>
		<occluded>0</occluded>
		<bndbox>
			<xmin>81</xmin>
			<xmax>175</xmax>
			<ymin>5</ymin>
			<ymax>223</ymax>
		</bndbox>
	</object>
	<object>
		<name>helmet</name>
		<pose>Unspecified</pose>
		<truncated>0</truncated>
		<difficult>0</difficult>
		<occluded>0</occluded>
		<bndbox>
			<xmin>93</xmin>
			<xmax>134</xmax>
			<ymin>6</ymin>
			<ymax>26</ymax>
		</bndbox>
	</object>
</annotation>