<annotation>
	<folder />
	<filename>ppe_0405_jpg.rf.a1356c2fd9e5e8de8bf9005d18a25e68.jpg</filename>
	<path>ppe_0405_jpg.rf.a1356c2fd9e5e8de8bf9005d18a25e68.jpg</path>
	<source>
		<database>roboflow.ai</database>
	</source>
	<size>
		<width>224</width>
		<height>224</height>
		<depth>3</depth>
	</size>
	<segmented>0</segmented>
	<object>
		<name>vest</name>
		<pose>Unspecified</pose>
		<truncated>0</truncated>
		<difficult>0</difficult>
		<occluded>0</occluded>
		<bndbox>
			<xmin>53</xmin>
			<xmax>134</xmax>
			<ymin>72</ymin>
			<ymax>203</ymax>
		</bndbox>
	</object>
	<object>
		<name>helmet</name>
		<pose>Unspecified</pose>
		<truncated>0</truncated>
		<difficult>0</difficult>
		<occluded>0</occluded>
		<bndbox>
			<xmin>68</xmin>
			<xmax>125</xmax>
			<ymin>15</ymin>
			<ymax>69</ymax>
		</bndbox>
	</object>
	<object>
		<name>person</name>
		<pose>Unspecified</pose>
		<truncated>0</truncated>
		<difficult>0</difficult>
		<occluded>0</occluded>
		<bndbox>
			<xmin>34</xmin>
			<xmax>138</xmax>
			<ymin>14</ymin>
			<ymax>211</ymax>
		</bndbox>
	</object>
</annotation>