<annotation>
	<folder />
	<filename>ppe_0221_jpg.rf.05562ca43b26da263137c7b87bf328aa.jpg</filename>
	<path>ppe_0221_jpg.rf.05562ca43b26da263137c7b87bf328aa.jpg</path>
	<source>
		<database>roboflow.ai</database>
	</source>
	<size>
		<width>224</width>
		<height>224</height>
		<depth>3</depth>
	</size>
	<segmented>0</segmented>
	<object>
		<name>helmet</name>
		<pose>Unspecified</pose>
		<truncated>0</truncated>
		<difficult>0</difficult>
		<occluded>0</occluded>
		<bndbox>
			<xmin>132</xmin>
			<xmax>180</xmax>
			<ymin>47</ymin>
			<ymax>93</ymax>
		</bndbox>
	</object>
	<object>
		<name>person</name>
		<pose>Unspecified</pose>
		<truncated>0</truncated>
		<difficult>0</difficult>
		<occluded>0</occluded>
		<bndbox>
			<xmin>104</xmin>
			<xmax>191</xmax>
			<ymin>44</ymin>
			<ymax>224</ymax>
		</bndbox>
	</object>
	<object>
		<name>no-vest</name>
		<pose>Unspecified</pose>
		<truncated>0</truncated>
		<difficult>0</difficult>
		<occluded>0</occluded>
		<bndbox>
			<xmin>108</xmin>
			<xmax>189</xmax>
			<ymin>142</ymin>
			<ymax>224</ymax>
		</bndbox>
	</object>
</annotation>