<annotation>
	<folder />
	<filename>ppe_0238_jpg.rf.0a5efaa1a00988b2311047a38f5513a3.jpg</filename>
	<path>ppe_0238_jpg.rf.0a5efaa1a00988b2311047a38f5513a3.jpg</path>
	<source>
		<database>roboflow.ai</database>
	</source>
	<size>
		<width>224</width>
		<height>224</height>
		<depth>3</depth>
	</size>
	<segmented>0</segmented>
	<object>
		<name>helmet</name>
		<pose>Unspecified</pose>
		<truncated>0</truncated>
		<difficult>0</difficult>
		<occluded>0</occluded>
		<bndbox>
			<xmin>49</xmin>
			<xmax>96</xmax>
			<ymin>54</ymin>
			<ymax>69</ymax>
		</bndbox>
	</object>
	<object>
		<name>vest</name>
		<pose>Unspecified</pose>
		<truncated>0</truncated>
		<difficult>0</difficult>
		<occluded>0</occluded>
		<bndbox>
			<xmin>7</xmin>
			<xmax>144</xmax>
			<ymin>82</ymin>
			<ymax>185</ymax>
		</bndbox>
	</object>
	<object>
		<name>person</name>
		<pose>Unspecified</pose>
		<truncated>0</truncated>
		<difficult>0</difficult>
		<occluded>0</occluded>
		<bndbox>
			<xmin>10</xmin>
			<xmax>149</xmax>
			<ymin>53</ymin>
			<ymax>224</ymax>
		</bndbox>
	</object>
</annotation>