<annotation>
	<folder />
	<filename>ppe_0371_jpg.rf.c55966d38b6273d799328028a0ce41c7.jpg</filename>
	<path>ppe_0371_jpg.rf.c55966d38b6273d799328028a0ce41c7.jpg</path>
	<source>
		<database>roboflow.ai</database>
	</source>
	<size>
		<width>224</width>
		<height>224</height>
		<depth>3</depth>
	</size>
	<segmented>0</segmented>
	<object>
		<name>helmet</name>
		<pose>Unspecified</pose>
		<truncated>0</truncated>
		<difficult>0</difficult>
		<occluded>0</occluded>
		<bndbox>
			<xmin>94</xmin>
			<xmax>192</xmax>
			<ymin>7</ymin>
			<ymax>123</ymax>
		</bndbox>
	</object>
	<object>
		<name>person</name>
		<pose>Unspecified</pose>
		<truncated>0</truncated>
		<difficult>0</difficult>
		<occluded>0</occluded>
		<bndbox>
			<xmin>93</xmin>
			<xmax>201</xmax>
			<ymin>8</ymin>
			<ymax>224</ymax>
		</bndbox>
	</object>
</annotation>