<annotation>
	<folder />
	<filename>ppe_0343_jpg.rf.db45cb7b148bac62faedaf448430ffd9.jpg</filename>
	<path>ppe_0343_jpg.rf.db45cb7b148bac62faedaf448430ffd9.jpg</path>
	<source>
		<database>roboflow.ai</database>
	</source>
	<size>
		<width>224</width>
		<height>224</height>
		<depth>3</depth>
	</size>
	<segmented>0</segmented>
	<object>
		<name>helmet</name>
		<pose>Unspecified</pose>
		<truncated>0</truncated>
		<difficult>0</difficult>
		<occluded>0</occluded>
		<bndbox>
			<xmin>85</xmin>
			<xmax>142</xmax>
			<ymin>2</ymin>
			<ymax>58</ymax>
		</bndbox>
	</object>
	<object>
		<name>person</name>
		<pose>Unspecified</pose>
		<truncated>0</truncated>
		<difficult>0</difficult>
		<occluded>0</occluded>
		<bndbox>
			<xmin>69</xmin>
			<xmax>165</xmax>
			<ymin>3</ymin>
			<ymax>224</ymax>
		</bndbox>
	</object>
	<object>
		<name>vest</name>
		<pose>Unspecified</pose>
		<truncated>0</truncated>
		<difficult>0</difficult>
		<occluded>0</occluded>
		<bndbox>
			<xmin>70</xmin>
			<xmax>166</xmax>
			<ymin>92</ymin>
			<ymax>224</ymax>
		</bndbox>
	</object>
</annotation>