<annotation>
	<folder />
	<filename>ppe_0113_jpg.rf.7c6c9d2bd3bcd1e0260489ad2c5b3308.jpg</filename>
	<path>ppe_0113_jpg.rf.7c6c9d2bd3bcd1e0260489ad2c5b3308.jpg</path>
	<source>
		<database>roboflow.ai</database>
	</source>
	<size>
		<width>224</width>
		<height>224</height>
		<depth>3</depth>
	</size>
	<segmented>0</segmented>
	<object>
		<name>helmet</name>
		<pose>Unspecified</pose>
		<truncated>0</truncated>
		<difficult>0</difficult>
		<occluded>0</occluded>
		<bndbox>
			<xmin>84</xmin>
			<xmax>138</xmax>
			<ymin>48</ymin>
			<ymax>68</ymax>
		</bndbox>
	</object>
	<object>
		<name>person</name>
		<pose>Unspecified</pose>
		<truncated>0</truncated>
		<difficult>0</difficult>
		<occluded>0</occluded>
		<bndbox>
			<xmin>55</xmin>
			<xmax>187</xmax>
			<ymin>46</ymin>
			<ymax>224</ymax>
		</bndbox>
	</object>
	<object>
		<name>no-vest</name>
		<pose>Unspecified</pose>
		<truncated>0</truncated>
		<difficult>0</difficult>
		<occluded>0</occluded>
		<bndbox>
			<xmin>70</xmin>
			<xmax>168</xmax>
			<ymin>94</ymin>
			<ymax>182</ymax>
		</bndbox>
	</object>
</annotation>