<annotation>
	<folder />
	<filename>ppe_0225_jpg.rf.dec4ba8048e5e5eea6d0942e7d6cc1dc.jpg</filename>
	<path>ppe_0225_jpg.rf.dec4ba8048e5e5eea6d0942e7d6cc1dc.jpg</path>
	<source>
		<database>roboflow.ai</database>
	</source>
	<size>
		<width>224</width>
		<height>224</height>
		<depth>3</depth>
	</size>
	<segmented>0</segmented>
	<object>
		<name>helmet</name>
		<pose>Unspecified</pose>
		<truncated>0</truncated>
		<difficult>0</difficult>
		<occluded>0</occluded>
		<bndbox>
			<xmin>37</xmin>
			<xmax>98</xmax>
			<ymin>26</ymin>
			<ymax>71</ymax>
		</bndbox>
	</object>
	<object>
		<name>person</name>
		<pose>Unspecified</pose>
		<truncated>0</truncated>
		<difficult>0</difficult>
		<occluded>0</occluded>
		<bndbox>
			<xmin>22</xmin>
			<xmax>144</xmax>
			<ymin>23</ymin>
			<ymax>224</ymax>
		</bndbox>
	</object>
	<object>
		<name>no-vest</name>
		<pose>Unspecified</pose>
		<truncated>0</truncated>
		<difficult>0</difficult>
		<occluded>0</occluded>
		<bndbox>
			<xmin>28</xmin>
			<xmax>129</xmax>
			<ymin>118</ymin>
			<ymax>224</ymax>
		</bndbox>
	</object>
</annotation>