<annotation>
	<folder />
	<filename>ppe_0029_jpg.rf.82c2e47f47d81b61f6f5665f4d20c347.jpg</filename>
	<path>ppe_0029_jpg.rf.82c2e47f47d81b61f6f5665f4d20c347.jpg</path>
	<source>
		<database>roboflow.ai</database>
	</source>
	<size>
		<width>224</width>
		<height>224</height>
		<depth>3</depth>
	</size>
	<segmented>0</segmented>
	<object>
		<name>helmet</name>
		<pose>Unspecified</pose>
		<truncated>0</truncated>
		<difficult>0</difficult>
		<occluded>0</occluded>
		<bndbox>
			<xmin>24</xmin>
			<xmax>117</xmax>
			<ymin>20</ymin>
			<ymax>112</ymax>
		</bndbox>
	</object>
	<object>
		<name>person</name>
		<pose>Unspecified</pose>
		<truncated>0</truncated>
		<difficult>0</difficult>
		<occluded>0</occluded>
		<bndbox>
			<xmin>15</xmin>
			<xmax>129</xmax>
			<ymin>21</ymin>
			<ymax>225</ymax>
		</bndbox>
	</object>
	<object>
		<name>vest</name>
		<pose>Unspecified</pose>
		<truncated>0</truncated>
		<difficult>0</difficult>
		<occluded>0</occluded>
		<bndbox>
			<xmin>4</xmin>
			<xmax>147</xmax>
			<ymin>163</ymin>
			<ymax>225</ymax>
		</bndbox>
	</object>
</annotation>