<annotation>
	<folder />
	<filename>ppe_0138_jpg.rf.363238730e1e0c3fdbfa12798a60d815.jpg</filename>
	<path>ppe_0138_jpg.rf.363238730e1e0c3fdbfa12798a60d815.jpg</path>
	<source>
		<database>roboflow.ai</database>
	</source>
	<size>
		<width>224</width>
		<height>224</height>
		<depth>3</depth>
	</size>
	<segmented>0</segmented>
	<object>
		<name>person</name>
		<pose>Unspecified</pose>
		<truncated>0</truncated>
		<difficult>0</difficult>
		<occluded>0</occluded>
		<bndbox>
			<xmin>64</xmin>
			<xmax>219</xmax>
			<ymin>2</ymin>
			<ymax>216</ymax>
		</bndbox>
	</object>
	<object>
		<name>vest</name>
		<pose>Unspecified</pose>
		<truncated>0</truncated>
		<difficult>0</difficult>
		<occluded>0</occluded>
		<bndbox>
			<xmin>69</xmin>
			<xmax>215</xmax>
			<ymin>84</ymin>
			<ymax>222</ymax>
		</bndbox>
	</object>
	<object>
		<name>helmet</name>
		<pose>Unspecified</pose>
		<truncated>0</truncated>
		<difficult>0</difficult>
		<occluded>0</occluded>
		<bndbox>
			<xmin>75</xmin>
			<xmax>151</xmax>
			<ymin>2</ymin>
			<ymax>37</ymax>
		</bndbox>
	</object>
</annotation>