<annotation>
	<folder />
	<filename>ppe_0093_jpg.rf.1a53c61cfc303c9fad2d235456a62a81.jpg</filename>
	<path>ppe_0093_jpg.rf.1a53c61cfc303c9fad2d235456a62a81.jpg</path>
	<source>
		<database>roboflow.ai</database>
	</source>
	<size>
		<width>224</width>
		<height>224</height>
		<depth>3</depth>
	</size>
	<segmented>0</segmented>
	<object>
		<name>no-vest</name>
		<pose>Unspecified</pose>
		<truncated>0</truncated>
		<difficult>0</difficult>
		<occluded>0</occluded>
		<bndbox>
			<xmin>55</xmin>
			<xmax>127</xmax>
			<ymin>86</ymin>
			<ymax>222</ymax>
		</bndbox>
	</object>
	<object>
		<name>helmet</name>
		<pose>Unspecified</pose>
		<truncated>0</truncated>
		<difficult>0</difficult>
		<occluded>0</occluded>
		<bndbox>
			<xmin>62</xmin>
			<xmax>114</xmax>
			<ymin>6</ymin>
			<ymax>49</ymax>
		</bndbox>
	</object>
	<object>
		<name>person</name>
		<pose>Unspecified</pose>
		<truncated>0</truncated>
		<difficult>0</difficult>
		<occluded>0</occluded>
		<bndbox>
			<xmin>53</xmin>
			<xmax>132</xmax>
			<ymin>4</ymin>
			<ymax>223</ymax>
		</bndbox>
	</object>
</annotation>