<annotation>
	<folder />
	<filename>ppe_0195_jpg.rf.28ff5396ed1c57f9b4fc6442a51c356a.jpg</filename>
	<path>ppe_0195_jpg.rf.28ff5396ed1c57f9b4fc6442a51c356a.jpg</path>
	<source>
		<database>roboflow.ai</database>
	</source>
	<size>
		<width>224</width>
		<height>224</height>
		<depth>3</depth>
	</size>
	<segmented>0</segmented>
	<object>
		<name>person</name>
		<pose>Unspecified</pose>
		<truncated>0</truncated>
		<difficult>0</difficult>
		<occluded>0</occluded>
		<bndbox>
			<xmin>40</xmin>
			<xmax>215</xmax>
			<ymin>3</ymin>
			<ymax>189</ymax>
		</bndbox>
	</object>
	<object>
		<name>no-vest</name>
		<pose>Unspecified</pose>
		<truncated>0</truncated>
		<difficult>0</difficult>
		<occluded>0</occluded>
		<bndbox>
			<xmin>43</xmin>
			<xmax>211</xmax>
			<ymin>88</ymin>
			<ymax>188</ymax>
		</bndbox>
	</object>
	<object>
		<name>helmet</name>
		<pose>Unspecified</pose>
		<truncated>0</truncated>
		<difficult>0</difficult>
		<occluded>0</occluded>
		<bndbox>
			<xmin>78</xmin>
			<xmax>164</xmax>
			<ymin>2</ymin>
			<ymax>47</ymax>
		</bndbox>
	</object>
</annotation>