<annotation>
	<folder />
	<filename>ppe_0075_jpg.rf.27dcaaeb0734b24a00ea73d2e9dc7c97.jpg</filename>
	<path>ppe_0075_jpg.rf.27dcaaeb0734b24a00ea73d2e9dc7c97.jpg</path>
	<source>
		<database>roboflow.ai</database>
	</source>
	<size>
		<width>224</width>
		<height>224</height>
		<depth>3</depth>
	</size>
	<segmented>0</segmented>
	<object>
		<name>helmet</name>
		<pose>Unspecified</pose>
		<truncated>0</truncated>
		<difficult>0</difficult>
		<occluded>0</occluded>
		<bndbox>
			<xmin>53</xmin>
			<xmax>106</xmax>
			<ymin>41</ymin>
			<ymax>92</ymax>
		</bndbox>
	</object>
	<object>
		<name>person</name>
		<pose>Unspecified</pose>
		<truncated>0</truncated>
		<difficult>0</difficult>
		<occluded>0</occluded>
		<bndbox>
			<xmin>39</xmin>
			<xmax>137</xmax>
			<ymin>38</ymin>
			<ymax>213</ymax>
		</bndbox>
	</object>
	<object>
		<name>vest</name>
		<pose>Unspecified</pose>
		<truncated>0</truncated>
		<difficult>0</difficult>
		<occluded>0</occluded>
		<bndbox>
			<xmin>39</xmin>
			<xmax>124</xmax>
			<ymin>128</ymin>
			<ymax>213</ymax>
		</bndbox>
	</object>
</annotation>