<annotation>
	<folder />
	<filename>ppe_0017_jpg.rf.414e829c7cca18f3fa313e7deb6bc5bd.jpg</filename>
	<path>ppe_0017_jpg.rf.414e829c7cca18f3fa313e7deb6bc5bd.jpg</path>
	<source>
		<database>roboflow.ai</database>
	</source>
	<size>
		<width>224</width>
		<height>224</height>
		<depth>3</depth>
	</size>
	<segmented>0</segmented>
	<object>
		<name>helmet</name>
		<pose>Unspecified</pose>
		<truncated>0</truncated>
		<difficult>0</difficult>
		<occluded>0</occluded>
		<bndbox>
			<xmin>122</xmin>
			<xmax>177</xmax>
			<ymin>6</ymin>
			<ymax>64</ymax>
		</bndbox>
	</object>
	<object>
		<name>person</name>
		<pose>Unspecified</pose>
		<truncated>0</truncated>
		<difficult>0</difficult>
		<occluded>0</occluded>
		<bndbox>
			<xmin>116</xmin>
			<xmax>214</xmax>
			<ymin>11</ymin>
			<ymax>222</ymax>
		</bndbox>
	</object>
	<object>
		<name>vest</name>
		<pose>Unspecified</pose>
		<truncated>0</truncated>
		<difficult>0</difficult>
		<occluded>0</occluded>
		<bndbox>
			<xmin>130</xmin>
			<xmax>209</xmax>
			<ymin>89</ymin>
			<ymax>211</ymax>
		</bndbox>
	</object>
</annotation>