<annotation>
	<folder />
	<filename>ppe_0012_jpg.rf.2d2d2459c9fa20da94a846722217c6bd.jpg</filename>
	<path>ppe_0012_jpg.rf.2d2d2459c9fa20da94a846722217c6bd.jpg</path>
	<source>
		<database>roboflow.ai</database>
	</source>
	<size>
		<width>224</width>
		<height>224</height>
		<depth>3</depth>
	</size>
	<segmented>0</segmented>
	<object>
		<name>person</name>
		<pose>Unspecified</pose>
		<truncated>0</truncated>
		<difficult>0</difficult>
		<occluded>0</occluded>
		<bndbox>
			<xmin>96</xmin>
			<xmax>142</xmax>
			<ymin>20</ymin>
			<ymax>225</ymax>
		</bndbox>
	</object>
	<object>
		<name>helmet</name>
		<pose>Unspecified</pose>
		<truncated>0</truncated>
		<difficult>0</difficult>
		<occluded>0</occluded>
		<bndbox>
			<xmin>101</xmin>
			<xmax>126</xmax>
			<ymin>22</ymin>
			<ymax>55</ymax>
		</bndbox>
	</object>
	<object>
		<name>vest</name>
		<pose>Unspecified</pose>
		<truncated>0</truncated>
		<difficult>0</difficult>
		<occluded>0</occluded>
		<bndbox>
			<xmin>99</xmin>
			<xmax>137</xmax>
			<ymin>67</ymin>
			<ymax>171</ymax>
		</bndbox>
	</object>
</annotation>