<annotation>
	<folder />
	<filename>ppe_0411_jpg.rf.83b5ef2d80a5280042945a1da5880566.jpg</filename>
	<path>ppe_0411_jpg.rf.83b5ef2d80a5280042945a1da5880566.jpg</path>
	<source>
		<database>roboflow.ai</database>
	</source>
	<size>
		<width>224</width>
		<height>224</height>
		<depth>3</depth>
	</size>
	<segmented>0</segmented>
	<object>
		<name>no-vest</name>
		<pose>Unspecified</pose>
		<truncated>0</truncated>
		<difficult>0</difficult>
		<occluded>0</occluded>
		<bndbox>
			<xmin>55</xmin>
			<xmax>166</xmax>
			<ymin>45</ymin>
			<ymax>147</ymax>
		</bndbox>
	</object>
	<object>
		<name>person</name>
		<pose>Unspecified</pose>
		<truncated>0</truncated>
		<difficult>0</difficult>
		<occluded>0</occluded>
		<bndbox>
			<xmin>57</xmin>
			<xmax>170</xmax>
			<ymin>4</ymin>
			<ymax>218</ymax>
		</bndbox>
	</object>
	<object>
		<name>helmet</name>
		<pose>Unspecified</pose>
		<truncated>0</truncated>
		<difficult>0</difficult>
		<occluded>0</occluded>
		<bndbox>
			<xmin>89</xmin>
			<xmax>136</xmax>
			<ymin>5</ymin>
			<ymax>21</ymax>
		</bndbox>
	</object>
</annotation>