<annotation>
	<folder />
	<filename>ppe_0504_jpg.rf.0b9cc30111deccc6e7de002efcc34096.jpg</filename>
	<path>ppe_0504_jpg.rf.0b9cc30111deccc6e7de002efcc34096.jpg</path>
	<source>
		<database>roboflow.ai</database>
	</source>
	<size>
		<width>224</width>
		<height>224</height>
		<depth>3</depth>
	</size>
	<segmented>0</segmented>
	<object>
		<name>vest</name>
		<pose>Unspecified</pose>
		<truncated>0</truncated>
		<difficult>0</difficult>
		<occluded>0</occluded>
		<bndbox>
			<xmin>131</xmin>
			<xmax>153</xmax>
			<ymin>44</ymin>
			<ymax>103</ymax>
		</bndbox>
	</object>
	<object>
		<name>person</name>
		<pose>Unspecified</pose>
		<truncated>0</truncated>
		<difficult>0</difficult>
		<occluded>0</occluded>
		<bndbox>
			<xmin>114</xmin>
			<xmax>161</xmax>
			<ymin>14</ymin>
			<ymax>178</ymax>
		</bndbox>
	</object>
	<object>
		<name>helmet</name>
		<pose>Unspecified</pose>
		<truncated>0</truncated>
		<difficult>0</difficult>
		<occluded>0</occluded>
		<bndbox>
			<xmin>128</xmin>
			<xmax>147</xmax>
			<ymin>15</ymin>
			<ymax>40</ymax>
		</bndbox>
	</object>
</annotation>