<annotation>
	<folder />
	<filename>ppe_0112_jpg.rf.5d0d495c5b6938e762845d060502e1ed.jpg</filename>
	<path>ppe_0112_jpg.rf.5d0d495c5b6938e762845d060502e1ed.jpg</path>
	<source>
		<database>roboflow.ai</database>
	</source>
	<size>
		<width>224</width>
		<height>224</height>
		<depth>3</depth>
	</size>
	<segmented>0</segmented>
	<object>
		<name>person</name>
		<pose>Unspecified</pose>
		<truncated>0</truncated>
		<difficult>0</difficult>
		<occluded>0</occluded>
		<bndbox>
			<xmin>103</xmin>
			<xmax>181</xmax>
			<ymin>12</ymin>
			<ymax>221</ymax>
		</bndbox>
	</object>
	<object>
		<name>no-vest</name>
		<pose>Unspecified</pose>
		<truncated>0</truncated>
		<difficult>0</difficult>
		<occluded>0</occluded>
		<bndbox>
			<xmin>106</xmin>
			<xmax>179</xmax>
			<ymin>89</ymin>
			<ymax>208</ymax>
		</bndbox>
	</object>
	<object>
		<name>helmet</name>
		<pose>Unspecified</pose>
		<truncated>0</truncated>
		<difficult>0</difficult>
		<occluded>0</occluded>
		<bndbox>
			<xmin>113</xmin>
			<xmax>158</xmax>
			<ymin>11</ymin>
			<ymax>50</ymax>
		</bndbox>
	</object>
</annotation>